phase,source_url,destination_url,anchor_text,link_context,http_status,final_url,chain_length,verification,rel,recommended_action
baseline,https://presentations.kujolang.ai/404.html,https://presentations.kujolang.ai/,Return to all demos ↗,p,200,https://presentations.kujolang.ai/,0,local HTTP,,
baseline,https://presentations.kujolang.ai/,https://presentations.kujolang.ai/#demos,Skip to demos,body,200,https://presentations.kujolang.ai/#demos,0,local HTTP,,
baseline,https://presentations.kujolang.ai/,https://presentations.kujolang.ai/,Kujo Presentations,header,200,https://presentations.kujolang.ai/,0,local HTTP,,
baseline,https://presentations.kujolang.ai/,https://presentations.kujolang.ai/original/,"↗ 01 Original demo A new perspective on media The original nine-slide presentation in its black, paper, and orange design.",section,200,https://presentations.kujolang.ai/original/,0,local HTTP,,
baseline,https://presentations.kujolang.ai/,https://presentations.kujolang.ai/investor/,↗ 02 Investor pitch Signal Foundry A focused nine-slide company narrative.,section,200,https://presentations.kujolang.ai/investor/,0,local HTTP,,
baseline,https://presentations.kujolang.ai/,https://presentations.kujolang.ai/sales/,↗ 03 Company overview Springline A portfolio-led consumer brand story for everyday occasions.,section,200,https://presentations.kujolang.ai/sales/,0,local HTTP,,
baseline,https://presentations.kujolang.ai/,https://presentations.kujolang.ai/live-talk/,"↗ 04 Research report Morrow Worklab A survey-driven story about AI adoption, workflows, and agents.",section,200,https://presentations.kujolang.ai/live-talk/,0,local HTTP,,
baseline,https://presentations.kujolang.ai/investor/1/,https://presentations.kujolang.ai/investor/1/#main-content,Skip to content,body,200,https://presentations.kujolang.ai/investor/1/#main-content,0,local HTTP,,
baseline,https://presentations.kujolang.ai/investor/1/,https://presentations.kujolang.ai/investor/2/,Next →,nav,200,https://presentations.kujolang.ai/investor/2/,0,local HTTP,,
baseline,https://presentations.kujolang.ai/investor/1/,https://presentations.kujolang.ai/investor/,Overview,nav,200,https://presentations.kujolang.ai/investor/,0,local HTTP,,
baseline,https://presentations.kujolang.ai/investor/1/,https://presentations.kujolang.ai/investor/reading/#slide-1,Read text,nav,200,https://presentations.kujolang.ai/investor/reading/#slide-1,0,local HTTP,,
baseline,https://presentations.kujolang.ai/investor/1/,https://presentations.kujolang.ai/investor/print/,Print / PDF,nav,200,https://presentations.kujolang.ai/investor/print/,0,local HTTP,,
baseline,https://presentations.kujolang.ai/investor/2/,https://presentations.kujolang.ai/investor/2/#main-content,Skip to content,body,200,https://presentations.kujolang.ai/investor/2/#main-content,0,local HTTP,,
baseline,https://presentations.kujolang.ai/investor/2/,https://presentations.kujolang.ai/investor/1/,← Previous,nav,200,https://presentations.kujolang.ai/investor/1/,0,local HTTP,,
baseline,https://presentations.kujolang.ai/investor/2/,https://presentations.kujolang.ai/investor/3/,Next →,nav,200,https://presentations.kujolang.ai/investor/3/,0,local HTTP,,
baseline,https://presentations.kujolang.ai/investor/2/,https://presentations.kujolang.ai/investor/,Overview,nav,200,https://presentations.kujolang.ai/investor/,0,local HTTP,,
baseline,https://presentations.kujolang.ai/investor/2/,https://presentations.kujolang.ai/investor/reading/#slide-2,Read text,nav,200,https://presentations.kujolang.ai/investor/reading/#slide-2,0,local HTTP,,
baseline,https://presentations.kujolang.ai/investor/2/,https://presentations.kujolang.ai/investor/print/,Print / PDF,nav,200,https://presentations.kujolang.ai/investor/print/,0,local HTTP,,
baseline,https://presentations.kujolang.ai/investor/3/,https://presentations.kujolang.ai/investor/3/#main-content,Skip to content,body,200,https://presentations.kujolang.ai/investor/3/#main-content,0,local HTTP,,
baseline,https://presentations.kujolang.ai/investor/3/,https://presentations.kujolang.ai/investor/2/,← Previous,nav,200,https://presentations.kujolang.ai/investor/2/,0,local HTTP,,
baseline,https://presentations.kujolang.ai/investor/3/,https://presentations.kujolang.ai/investor/4/,Next →,nav,200,https://presentations.kujolang.ai/investor/4/,0,local HTTP,,
baseline,https://presentations.kujolang.ai/investor/3/,https://presentations.kujolang.ai/investor/,Overview,nav,200,https://presentations.kujolang.ai/investor/,0,local HTTP,,
baseline,https://presentations.kujolang.ai/investor/3/,https://presentations.kujolang.ai/investor/reading/#slide-3,Read text,nav,200,https://presentations.kujolang.ai/investor/reading/#slide-3,0,local HTTP,,
baseline,https://presentations.kujolang.ai/investor/3/,https://presentations.kujolang.ai/investor/print/,Print / PDF,nav,200,https://presentations.kujolang.ai/investor/print/,0,local HTTP,,
baseline,https://presentations.kujolang.ai/investor/4/,https://presentations.kujolang.ai/investor/4/#main-content,Skip to content,body,200,https://presentations.kujolang.ai/investor/4/#main-content,0,local HTTP,,
baseline,https://presentations.kujolang.ai/investor/4/,https://presentations.kujolang.ai/investor/3/,← Previous,nav,200,https://presentations.kujolang.ai/investor/3/,0,local HTTP,,
baseline,https://presentations.kujolang.ai/investor/4/,https://presentations.kujolang.ai/investor/5/,Next →,nav,200,https://presentations.kujolang.ai/investor/5/,0,local HTTP,,
baseline,https://presentations.kujolang.ai/investor/4/,https://presentations.kujolang.ai/investor/,Overview,nav,200,https://presentations.kujolang.ai/investor/,0,local HTTP,,
baseline,https://presentations.kujolang.ai/investor/4/,https://presentations.kujolang.ai/investor/reading/#slide-4,Read text,nav,200,https://presentations.kujolang.ai/investor/reading/#slide-4,0,local HTTP,,
baseline,https://presentations.kujolang.ai/investor/4/,https://presentations.kujolang.ai/investor/print/,Print / PDF,nav,200,https://presentations.kujolang.ai/investor/print/,0,local HTTP,,
baseline,https://presentations.kujolang.ai/investor/404.html,https://presentations.kujolang.ai/investor/404.html#main-content,Skip to content,body,200,https://presentations.kujolang.ai/investor/404.html#main-content,0,local HTTP,,
baseline,https://presentations.kujolang.ai/investor/404.html,https://presentations.kujolang.ai/investor/,Overview,main,200,https://presentations.kujolang.ai/investor/,0,local HTTP,,
baseline,https://presentations.kujolang.ai/investor/5/,https://presentations.kujolang.ai/investor/5/#main-content,Skip to content,body,200,https://presentations.kujolang.ai/investor/5/#main-content,0,local HTTP,,
baseline,https://presentations.kujolang.ai/investor/5/,https://presentations.kujolang.ai/investor/4/,← Previous,nav,200,https://presentations.kujolang.ai/investor/4/,0,local HTTP,,
baseline,https://presentations.kujolang.ai/investor/5/,https://presentations.kujolang.ai/investor/6/,Next →,nav,200,https://presentations.kujolang.ai/investor/6/,0,local HTTP,,
baseline,https://presentations.kujolang.ai/investor/5/,https://presentations.kujolang.ai/investor/,Overview,nav,200,https://presentations.kujolang.ai/investor/,0,local HTTP,,
baseline,https://presentations.kujolang.ai/investor/5/,https://presentations.kujolang.ai/investor/reading/#slide-5,Read text,nav,200,https://presentations.kujolang.ai/investor/reading/#slide-5,0,local HTTP,,
baseline,https://presentations.kujolang.ai/investor/5/,https://presentations.kujolang.ai/investor/print/,Print / PDF,nav,200,https://presentations.kujolang.ai/investor/print/,0,local HTTP,,
baseline,https://presentations.kujolang.ai/investor/6/,https://presentations.kujolang.ai/investor/6/#main-content,Skip to content,body,200,https://presentations.kujolang.ai/investor/6/#main-content,0,local HTTP,,
baseline,https://presentations.kujolang.ai/investor/6/,https://presentations.kujolang.ai/investor/5/,← Previous,nav,200,https://presentations.kujolang.ai/investor/5/,0,local HTTP,,
baseline,https://presentations.kujolang.ai/investor/6/,https://presentations.kujolang.ai/investor/7/,Next →,nav,200,https://presentations.kujolang.ai/investor/7/,0,local HTTP,,
baseline,https://presentations.kujolang.ai/investor/6/,https://presentations.kujolang.ai/investor/,Overview,nav,200,https://presentations.kujolang.ai/investor/,0,local HTTP,,
baseline,https://presentations.kujolang.ai/investor/6/,https://presentations.kujolang.ai/investor/reading/#slide-6,Read text,nav,200,https://presentations.kujolang.ai/investor/reading/#slide-6,0,local HTTP,,
baseline,https://presentations.kujolang.ai/investor/6/,https://presentations.kujolang.ai/investor/print/,Print / PDF,nav,200,https://presentations.kujolang.ai/investor/print/,0,local HTTP,,
baseline,https://presentations.kujolang.ai/investor/7/,https://presentations.kujolang.ai/investor/7/#main-content,Skip to content,body,200,https://presentations.kujolang.ai/investor/7/#main-content,0,local HTTP,,
baseline,https://presentations.kujolang.ai/investor/7/,https://presentations.kujolang.ai/investor/6/,← Previous,nav,200,https://presentations.kujolang.ai/investor/6/,0,local HTTP,,
baseline,https://presentations.kujolang.ai/investor/7/,https://presentations.kujolang.ai/investor/8/,Next →,nav,200,https://presentations.kujolang.ai/investor/8/,0,local HTTP,,
baseline,https://presentations.kujolang.ai/investor/7/,https://presentations.kujolang.ai/investor/,Overview,nav,200,https://presentations.kujolang.ai/investor/,0,local HTTP,,
baseline,https://presentations.kujolang.ai/investor/7/,https://presentations.kujolang.ai/investor/reading/#slide-7,Read text,nav,200,https://presentations.kujolang.ai/investor/reading/#slide-7,0,local HTTP,,
baseline,https://presentations.kujolang.ai/investor/7/,https://presentations.kujolang.ai/investor/print/,Print / PDF,nav,200,https://presentations.kujolang.ai/investor/print/,0,local HTTP,,
baseline,https://presentations.kujolang.ai/investor/8/,https://presentations.kujolang.ai/investor/8/#main-content,Skip to content,body,200,https://presentations.kujolang.ai/investor/8/#main-content,0,local HTTP,,
baseline,https://presentations.kujolang.ai/investor/8/,https://presentations.kujolang.ai/investor/7/,← Previous,nav,200,https://presentations.kujolang.ai/investor/7/,0,local HTTP,,
baseline,https://presentations.kujolang.ai/investor/8/,https://presentations.kujolang.ai/investor/9/,Next →,nav,200,https://presentations.kujolang.ai/investor/9/,0,local HTTP,,
baseline,https://presentations.kujolang.ai/investor/8/,https://presentations.kujolang.ai/investor/,Overview,nav,200,https://presentations.kujolang.ai/investor/,0,local HTTP,,
baseline,https://presentations.kujolang.ai/investor/8/,https://presentations.kujolang.ai/investor/reading/#slide-8,Read text,nav,200,https://presentations.kujolang.ai/investor/reading/#slide-8,0,local HTTP,,
baseline,https://presentations.kujolang.ai/investor/8/,https://presentations.kujolang.ai/investor/print/,Print / PDF,nav,200,https://presentations.kujolang.ai/investor/print/,0,local HTTP,,
baseline,https://presentations.kujolang.ai/investor/9/,https://presentations.kujolang.ai/investor/9/#main-content,Skip to content,body,200,https://presentations.kujolang.ai/investor/9/#main-content,0,local HTTP,,
baseline,https://presentations.kujolang.ai/investor/9/,https://presentations.kujolang.ai/investor/8/,← Previous,nav,200,https://presentations.kujolang.ai/investor/8/,0,local HTTP,,
baseline,https://presentations.kujolang.ai/investor/9/,https://presentations.kujolang.ai/investor/,Overview,nav,200,https://presentations.kujolang.ai/investor/,0,local HTTP,,
baseline,https://presentations.kujolang.ai/investor/9/,https://presentations.kujolang.ai/investor/reading/#slide-9,Read text,nav,200,https://presentations.kujolang.ai/investor/reading/#slide-9,0,local HTTP,,
baseline,https://presentations.kujolang.ai/investor/9/,https://presentations.kujolang.ai/investor/print/,Print / PDF,nav,200,https://presentations.kujolang.ai/investor/print/,0,local HTTP,,
baseline,https://presentations.kujolang.ai/investor/,https://presentations.kujolang.ai/investor/#main-content,Skip to content,body,200,https://presentations.kujolang.ai/investor/#main-content,0,local HTTP,,
baseline,https://presentations.kujolang.ai/investor/,https://presentations.kujolang.ai/investor/1/,Start presentation ↗,header,200,https://presentations.kujolang.ai/investor/1/,0,local HTTP,,
baseline,https://presentations.kujolang.ai/investor/,https://presentations.kujolang.ai/investor/1/,"VELA The membership company 1 / 9 2027
Investor Briefing A premium membership network built around the way people travel, dine and do business. VELA / Fictional investor demo Illustrative concept — not a real company or offer 1 1 2027
Investor Briefing",div,200,https://presentations.kujolang.ai/investor/1/,0,local HTTP,,
baseline,https://presentations.kujolang.ai/investor/,https://presentations.kujolang.ai/investor/2/,"VELA Investment case 2 / 9 Four strengths power one durable model Vela connects premium members and partners through products people choose to keep using. 01 Premium members A high-intent audience with global lives and businesses. 02 Membership model Recurring value designed to deepen over time. 03 Service culture Human support at the moments that matter most. 04 Partner network Travel, dining and commerce made more rewarding. VELA / Fictional investor demo Illustrative strategy 2 2 Four strengths power one durable model",div,200,https://presentations.kujolang.ai/investor/2/,0,local HTTP,,
baseline,https://presentations.kujolang.ai/investor/,https://presentations.kujolang.ai/investor/3/,"VELA Growth context 3 / 9 A large, durable runway Premium digital spend expands as travel returns, younger members enter the category and more commerce moves across borders. 2022 48% 2023 57% 2024 68% 2025E 79% 2026E 91% Illustrative premium digital spend index, 2022 through 2026 estimate growth drivers working together 4 VELA / Fictional investor demo Illustrative index; not market guidance 3 3 A large, durable runway",div,200,https://presentations.kujolang.ai/investor/3/,0,local HTTP,,
baseline,https://presentations.kujolang.ai/investor/,https://presentations.kujolang.ai/investor/4/,"VELA The Vela model 4 / 9 Membership is the growth engine Useful products earn a place in everyday life. Better experiences increase engagement, which attracts stronger partners and funds the next refresh. 01 Acquire Lead with a clear premium proposition. 02 Engage Make benefits useful across the member journey. 03 Renew Refresh value before expectations move. VELA / Fictional investor demo Illustrative operating model 4 4 Membership is the growth engine",div,200,https://presentations.kujolang.ai/investor/4/,0,local HTTP,,
baseline,https://presentations.kujolang.ai/investor/,https://presentations.kujolang.ai/investor/5/,"VELA Member strategy 5 / 9 Designed for the members shaping spend Vela focuses on customers whose expectations pull the category forward. 01 Global One relationship across home, work and travel. 02 Digital-first Immediate controls, rewards and service. 03 Experience-led Access and recognition beyond transactions. 04 Long-term A product ladder that grows with the member. VELA / Fictional investor demo Illustrative positioning 5 5 Designed for the members shaping spend",div,200,https://presentations.kujolang.ai/investor/5/,0,local HTTP,,
baseline,https://presentations.kujolang.ai/investor/,https://presentations.kujolang.ai/investor/6/,"VELA Membership services 6 / 9 Value that travels beyond the card The strongest benefits solve real moments: where to stay, where to eat and who can help when plans change. connected experience pillars 03 member relationship 01 01 Travel · Dining · Service Every interaction reinforces the reason to belong. VELA / Fictional investor demo Illustrative product architecture 6 6 Value that travels beyond the card",div,200,https://presentations.kujolang.ai/investor/6/,0,local HTTP,,
baseline,https://presentations.kujolang.ai/investor/,https://presentations.kujolang.ai/investor/7/,"VELA Economics 7 / 9 A balanced revenue model Four complementary streams reduce dependence on any single behavior while keeping the member relationship at the center. Merchant 44% Membership 27% Lending 19% Services 10% Illustrative revenue mix scenario, percent complementary revenue streams 4 VELA / Fictional investor demo Illustrative mix; not historical or forecast data 7 7 A balanced revenue model",div,200,https://presentations.kujolang.ai/investor/7/,0,local HTTP,,
baseline,https://presentations.kujolang.ai/investor/,https://presentations.kujolang.ai/investor/8/,"VELA Growth framework 8 / 9 Investment compounds the advantage Vela reinvests in member value and service while keeping a disciplined operating frame. 01 Acquire well Prioritize durable member value over short-lived volume. 02 Engage deeply Turn product utility into recurring preference. 03 Scale carefully Grow service, risk and technology together. VELA / Fictional investor demo Illustrative capital framework 8 8 Investment compounds the advantage",div,200,https://presentations.kujolang.ai/investor/8/,0,local HTTP,,
baseline,https://presentations.kujolang.ai/investor/,https://presentations.kujolang.ai/investor/9/,"VELA The next chapter 9 / 9 Membership is
the advantage. Vela is an original fictional investor story created with Kujo Presentations. VELA / Fictional investor demo End of illustrative presentation 9 9 Membership is
the advantage.",div,200,https://presentations.kujolang.ai/investor/9/,0,local HTTP,,
baseline,https://presentations.kujolang.ai/investor/,https://presentations.kujolang.ai/investor/reading/,Read the complete deck as text →,footer,200,https://presentations.kujolang.ai/investor/reading/,0,local HTTP,,
baseline,https://presentations.kujolang.ai/investor/presenter/,https://presentations.kujolang.ai/investor/presenter/#main-content,Skip to content,body,200,https://presentations.kujolang.ai/investor/presenter/#main-content,0,local HTTP,,
baseline,https://presentations.kujolang.ai/investor/print/,https://presentations.kujolang.ai/investor/print/#main-content,Skip to content,body,200,https://presentations.kujolang.ai/investor/print/#main-content,0,local HTTP,,
baseline,https://presentations.kujolang.ai/investor/reading/,https://presentations.kujolang.ai/investor/reading/#main-content,Skip to content,body,200,https://presentations.kujolang.ai/investor/reading/#main-content,0,local HTTP,,
baseline,https://presentations.kujolang.ai/investor/reading/,https://presentations.kujolang.ai/investor/,Overview,main,200,https://presentations.kujolang.ai/investor/,0,local HTTP,,
baseline,https://presentations.kujolang.ai/investor/reading/,https://presentations.kujolang.ai/investor/1/,"1. 2027
Investor Briefing",h2,200,https://presentations.kujolang.ai/investor/1/,0,local HTTP,,
baseline,https://presentations.kujolang.ai/investor/reading/,https://presentations.kujolang.ai/investor/2/,2. Four strengths power one durable model,h2,200,https://presentations.kujolang.ai/investor/2/,0,local HTTP,,
baseline,https://presentations.kujolang.ai/investor/reading/,https://presentations.kujolang.ai/investor/3/,"3. A large, durable runway",h2,200,https://presentations.kujolang.ai/investor/3/,0,local HTTP,,
baseline,https://presentations.kujolang.ai/investor/reading/,https://presentations.kujolang.ai/investor/4/,4. Membership is the growth engine,h2,200,https://presentations.kujolang.ai/investor/4/,0,local HTTP,,
baseline,https://presentations.kujolang.ai/investor/reading/,https://presentations.kujolang.ai/investor/5/,5. Designed for the members shaping spend,h2,200,https://presentations.kujolang.ai/investor/5/,0,local HTTP,,
baseline,https://presentations.kujolang.ai/investor/reading/,https://presentations.kujolang.ai/investor/6/,6. Value that travels beyond the card,h2,200,https://presentations.kujolang.ai/investor/6/,0,local HTTP,,
baseline,https://presentations.kujolang.ai/investor/reading/,https://presentations.kujolang.ai/investor/7/,7. A balanced revenue model,h2,200,https://presentations.kujolang.ai/investor/7/,0,local HTTP,,
baseline,https://presentations.kujolang.ai/investor/reading/,https://presentations.kujolang.ai/investor/8/,8. Investment compounds the advantage,h2,200,https://presentations.kujolang.ai/investor/8/,0,local HTTP,,
baseline,https://presentations.kujolang.ai/investor/reading/,https://presentations.kujolang.ai/investor/9/,"9. Membership is
the advantage.",h2,200,https://presentations.kujolang.ai/investor/9/,0,local HTTP,,
baseline,https://presentations.kujolang.ai/live-talk/1/,https://presentations.kujolang.ai/live-talk/1/#main-content,Skip to content,body,200,https://presentations.kujolang.ai/live-talk/1/#main-content,0,local HTTP,,
baseline,https://presentations.kujolang.ai/live-talk/1/,https://presentations.kujolang.ai/live-talk/2/,Next →,nav,200,https://presentations.kujolang.ai/live-talk/2/,0,local HTTP,,
baseline,https://presentations.kujolang.ai/live-talk/1/,https://presentations.kujolang.ai/live-talk/,Overview,nav,200,https://presentations.kujolang.ai/live-talk/,0,local HTTP,,
baseline,https://presentations.kujolang.ai/live-talk/1/,https://presentations.kujolang.ai/live-talk/reading/#slide-1,Read text,nav,200,https://presentations.kujolang.ai/live-talk/reading/#slide-1,0,local HTTP,,
baseline,https://presentations.kujolang.ai/live-talk/1/,https://presentations.kujolang.ai/live-talk/print/,Print / PDF,nav,200,https://presentations.kujolang.ai/live-talk/print/,0,local HTTP,,
baseline,https://presentations.kujolang.ai/live-talk/2/,https://presentations.kujolang.ai/live-talk/2/#main-content,Skip to content,body,200,https://presentations.kujolang.ai/live-talk/2/#main-content,0,local HTTP,,
baseline,https://presentations.kujolang.ai/live-talk/2/,https://presentations.kujolang.ai/live-talk/1/,← Previous,nav,200,https://presentations.kujolang.ai/live-talk/1/,0,local HTTP,,
baseline,https://presentations.kujolang.ai/live-talk/2/,https://presentations.kujolang.ai/live-talk/3/,Next →,nav,200,https://presentations.kujolang.ai/live-talk/3/,0,local HTTP,,
baseline,https://presentations.kujolang.ai/live-talk/2/,https://presentations.kujolang.ai/live-talk/,Overview,nav,200,https://presentations.kujolang.ai/live-talk/,0,local HTTP,,
baseline,https://presentations.kujolang.ai/live-talk/2/,https://presentations.kujolang.ai/live-talk/reading/#slide-2,Read text,nav,200,https://presentations.kujolang.ai/live-talk/reading/#slide-2,0,local HTTP,,
baseline,https://presentations.kujolang.ai/live-talk/2/,https://presentations.kujolang.ai/live-talk/print/,Print / PDF,nav,200,https://presentations.kujolang.ai/live-talk/print/,0,local HTTP,,
baseline,https://presentations.kujolang.ai/live-talk/3/,https://presentations.kujolang.ai/live-talk/3/#main-content,Skip to content,body,200,https://presentations.kujolang.ai/live-talk/3/#main-content,0,local HTTP,,
baseline,https://presentations.kujolang.ai/live-talk/3/,https://presentations.kujolang.ai/live-talk/2/,← Previous,nav,200,https://presentations.kujolang.ai/live-talk/2/,0,local HTTP,,
baseline,https://presentations.kujolang.ai/live-talk/3/,https://presentations.kujolang.ai/live-talk/4/,Next →,nav,200,https://presentations.kujolang.ai/live-talk/4/,0,local HTTP,,
baseline,https://presentations.kujolang.ai/live-talk/3/,https://presentations.kujolang.ai/live-talk/,Overview,nav,200,https://presentations.kujolang.ai/live-talk/,0,local HTTP,,
baseline,https://presentations.kujolang.ai/live-talk/3/,https://presentations.kujolang.ai/live-talk/reading/#slide-3,Read text,nav,200,https://presentations.kujolang.ai/live-talk/reading/#slide-3,0,local HTTP,,
baseline,https://presentations.kujolang.ai/live-talk/3/,https://presentations.kujolang.ai/live-talk/print/,Print / PDF,nav,200,https://presentations.kujolang.ai/live-talk/print/,0,local HTTP,,
baseline,https://presentations.kujolang.ai/live-talk/4/,https://presentations.kujolang.ai/live-talk/4/#main-content,Skip to content,body,200,https://presentations.kujolang.ai/live-talk/4/#main-content,0,local HTTP,,
baseline,https://presentations.kujolang.ai/live-talk/4/,https://presentations.kujolang.ai/live-talk/3/,← Previous,nav,200,https://presentations.kujolang.ai/live-talk/3/,0,local HTTP,,
baseline,https://presentations.kujolang.ai/live-talk/4/,https://presentations.kujolang.ai/live-talk/5/,Next →,nav,200,https://presentations.kujolang.ai/live-talk/5/,0,local HTTP,,
baseline,https://presentations.kujolang.ai/live-talk/4/,https://presentations.kujolang.ai/live-talk/,Overview,nav,200,https://presentations.kujolang.ai/live-talk/,0,local HTTP,,
baseline,https://presentations.kujolang.ai/live-talk/4/,https://presentations.kujolang.ai/live-talk/reading/#slide-4,Read text,nav,200,https://presentations.kujolang.ai/live-talk/reading/#slide-4,0,local HTTP,,
baseline,https://presentations.kujolang.ai/live-talk/4/,https://presentations.kujolang.ai/live-talk/print/,Print / PDF,nav,200,https://presentations.kujolang.ai/live-talk/print/,0,local HTTP,,
baseline,https://presentations.kujolang.ai/live-talk/404.html,https://presentations.kujolang.ai/live-talk/404.html#main-content,Skip to content,body,200,https://presentations.kujolang.ai/live-talk/404.html#main-content,0,local HTTP,,
baseline,https://presentations.kujolang.ai/live-talk/404.html,https://presentations.kujolang.ai/live-talk/,Overview,main,200,https://presentations.kujolang.ai/live-talk/,0,local HTTP,,
baseline,https://presentations.kujolang.ai/live-talk/5/,https://presentations.kujolang.ai/live-talk/5/#main-content,Skip to content,body,200,https://presentations.kujolang.ai/live-talk/5/#main-content,0,local HTTP,,
baseline,https://presentations.kujolang.ai/live-talk/5/,https://presentations.kujolang.ai/live-talk/4/,← Previous,nav,200,https://presentations.kujolang.ai/live-talk/4/,0,local HTTP,,
baseline,https://presentations.kujolang.ai/live-talk/5/,https://presentations.kujolang.ai/live-talk/6/,Next →,nav,200,https://presentations.kujolang.ai/live-talk/6/,0,local HTTP,,
baseline,https://presentations.kujolang.ai/live-talk/5/,https://presentations.kujolang.ai/live-talk/,Overview,nav,200,https://presentations.kujolang.ai/live-talk/,0,local HTTP,,
baseline,https://presentations.kujolang.ai/live-talk/5/,https://presentations.kujolang.ai/live-talk/reading/#slide-5,Read text,nav,200,https://presentations.kujolang.ai/live-talk/reading/#slide-5,0,local HTTP,,
baseline,https://presentations.kujolang.ai/live-talk/5/,https://presentations.kujolang.ai/live-talk/print/,Print / PDF,nav,200,https://presentations.kujolang.ai/live-talk/print/,0,local HTTP,,
baseline,https://presentations.kujolang.ai/live-talk/6/,https://presentations.kujolang.ai/live-talk/6/#main-content,Skip to content,body,200,https://presentations.kujolang.ai/live-talk/6/#main-content,0,local HTTP,,
baseline,https://presentations.kujolang.ai/live-talk/6/,https://presentations.kujolang.ai/live-talk/5/,← Previous,nav,200,https://presentations.kujolang.ai/live-talk/5/,0,local HTTP,,
baseline,https://presentations.kujolang.ai/live-talk/6/,https://presentations.kujolang.ai/live-talk/7/,Next →,nav,200,https://presentations.kujolang.ai/live-talk/7/,0,local HTTP,,
baseline,https://presentations.kujolang.ai/live-talk/6/,https://presentations.kujolang.ai/live-talk/,Overview,nav,200,https://presentations.kujolang.ai/live-talk/,0,local HTTP,,
baseline,https://presentations.kujolang.ai/live-talk/6/,https://presentations.kujolang.ai/live-talk/reading/#slide-6,Read text,nav,200,https://presentations.kujolang.ai/live-talk/reading/#slide-6,0,local HTTP,,
baseline,https://presentations.kujolang.ai/live-talk/6/,https://presentations.kujolang.ai/live-talk/print/,Print / PDF,nav,200,https://presentations.kujolang.ai/live-talk/print/,0,local HTTP,,
baseline,https://presentations.kujolang.ai/live-talk/7/,https://presentations.kujolang.ai/live-talk/7/#main-content,Skip to content,body,200,https://presentations.kujolang.ai/live-talk/7/#main-content,0,local HTTP,,
baseline,https://presentations.kujolang.ai/live-talk/7/,https://presentations.kujolang.ai/live-talk/6/,← Previous,nav,200,https://presentations.kujolang.ai/live-talk/6/,0,local HTTP,,
baseline,https://presentations.kujolang.ai/live-talk/7/,https://presentations.kujolang.ai/live-talk/8/,Next →,nav,200,https://presentations.kujolang.ai/live-talk/8/,0,local HTTP,,
baseline,https://presentations.kujolang.ai/live-talk/7/,https://presentations.kujolang.ai/live-talk/,Overview,nav,200,https://presentations.kujolang.ai/live-talk/,0,local HTTP,,
baseline,https://presentations.kujolang.ai/live-talk/7/,https://presentations.kujolang.ai/live-talk/reading/#slide-7,Read text,nav,200,https://presentations.kujolang.ai/live-talk/reading/#slide-7,0,local HTTP,,
baseline,https://presentations.kujolang.ai/live-talk/7/,https://presentations.kujolang.ai/live-talk/print/,Print / PDF,nav,200,https://presentations.kujolang.ai/live-talk/print/,0,local HTTP,,
baseline,https://presentations.kujolang.ai/live-talk/8/,https://presentations.kujolang.ai/live-talk/8/#main-content,Skip to content,body,200,https://presentations.kujolang.ai/live-talk/8/#main-content,0,local HTTP,,
baseline,https://presentations.kujolang.ai/live-talk/8/,https://presentations.kujolang.ai/live-talk/7/,← Previous,nav,200,https://presentations.kujolang.ai/live-talk/7/,0,local HTTP,,
baseline,https://presentations.kujolang.ai/live-talk/8/,https://presentations.kujolang.ai/live-talk/9/,Next →,nav,200,https://presentations.kujolang.ai/live-talk/9/,0,local HTTP,,
baseline,https://presentations.kujolang.ai/live-talk/8/,https://presentations.kujolang.ai/live-talk/,Overview,nav,200,https://presentations.kujolang.ai/live-talk/,0,local HTTP,,
baseline,https://presentations.kujolang.ai/live-talk/8/,https://presentations.kujolang.ai/live-talk/reading/#slide-8,Read text,nav,200,https://presentations.kujolang.ai/live-talk/reading/#slide-8,0,local HTTP,,
baseline,https://presentations.kujolang.ai/live-talk/8/,https://presentations.kujolang.ai/live-talk/print/,Print / PDF,nav,200,https://presentations.kujolang.ai/live-talk/print/,0,local HTTP,,
baseline,https://presentations.kujolang.ai/live-talk/9/,https://presentations.kujolang.ai/live-talk/9/#main-content,Skip to content,body,200,https://presentations.kujolang.ai/live-talk/9/#main-content,0,local HTTP,,
baseline,https://presentations.kujolang.ai/live-talk/9/,https://presentations.kujolang.ai/live-talk/8/,← Previous,nav,200,https://presentations.kujolang.ai/live-talk/8/,0,local HTTP,,
baseline,https://presentations.kujolang.ai/live-talk/9/,https://presentations.kujolang.ai/live-talk/,Overview,nav,200,https://presentations.kujolang.ai/live-talk/,0,local HTTP,,
baseline,https://presentations.kujolang.ai/live-talk/9/,https://presentations.kujolang.ai/live-talk/reading/#slide-9,Read text,nav,200,https://presentations.kujolang.ai/live-talk/reading/#slide-9,0,local HTTP,,
baseline,https://presentations.kujolang.ai/live-talk/9/,https://presentations.kujolang.ai/live-talk/print/,Print / PDF,nav,200,https://presentations.kujolang.ai/live-talk/print/,0,local HTTP,,
baseline,https://presentations.kujolang.ai/live-talk/,https://presentations.kujolang.ai/live-talk/#main-content,Skip to content,body,200,https://presentations.kujolang.ai/live-talk/#main-content,0,local HTTP,,
baseline,https://presentations.kujolang.ai/live-talk/,https://presentations.kujolang.ai/live-talk/1/,Start presentation ↗,header,200,https://presentations.kujolang.ai/live-talk/1/,0,local HTTP,,
baseline,https://presentations.kujolang.ai/live-talk/,https://presentations.kujolang.ai/live-talk/1/,"MORROW / WORKLAB Morrow Worklab / 2026 1 / 9 AI at Work:
Adoption Rises,
but Value Lags A fictional workforce study on the gap between access and meaningful use. MORROW WORKLAB / FICTIONAL RESEARCH DEMO Illustrative research concept — not a real survey 1 1 AI at Work:
Adoption Rises,
but Value Lags",div,200,https://presentations.kujolang.ai/live-talk/1/,0,local HTTP,,
baseline,https://presentations.kujolang.ai/live-talk/,https://presentations.kujolang.ai/live-talk/2/,"MORROW / WORKLAB Research design 2 / 9 Survey parameters A fictional cross-market sample designed to show a consulting research profile. 01 11,240 illustrative respondents 02 10 illustrative markets 03 03 role groups 04 Q2 2026 illustrative fieldwork period MORROW WORKLAB / FICTIONAL RESEARCH DEMO All sample details are fictional 2 2 Survey parameters",div,200,https://presentations.kujolang.ai/live-talk/2/,0,local HTTP,,
baseline,https://presentations.kujolang.ai/live-talk/,https://presentations.kujolang.ai/live-talk/3/,MORROW / WORKLAB Executive summary 3 / 9 Four findings from the workforce Access has spread faster than the practices that turn AI into dependable value. 01 Use is common Regular adoption now reaches most office-based roles. 02 Frontline use trails Access and time remain uneven across roles. 03 Training is thin Many employees learn through trial and error. 04 Workflows lag Most teams add tools before changing the work. MORROW WORKLAB / FICTIONAL RESEARCH DEMO Illustrative findings 3 3 Four findings from the workforce,div,200,https://presentations.kujolang.ai/live-talk/3/,0,local HTTP,,
baseline,https://presentations.kujolang.ai/live-talk/,https://presentations.kujolang.ai/live-talk/4/,"MORROW / WORKLAB Adoption by role 4 / 9 Adoption is high, but frontline use has stalled Regular AI use rises with seniority, leaving the employees closest to daily operations behind. Frontline 52% Managers 78% Leaders 88% Illustrative share of employees using AI regularly, percent illustrative overall regular use 73% MORROW WORKLAB / FICTIONAL RESEARCH DEMO Illustrative survey data 4 4 Adoption is high, but frontline use has stalled",div,200,https://presentations.kujolang.ai/live-talk/4/,0,local HTTP,,
baseline,https://presentations.kujolang.ai/live-talk/,https://presentations.kujolang.ai/live-talk/5/,"MORROW / WORKLAB Reported impact 5 / 9 Time savings depend on the work Employees report the largest gains in repeatable administrative tasks and the smallest gains in professional development. Admin 61% Analysis 55% Writing 48% Strategy 37% Learning 29% Illustrative share reporting at least one hour saved on days they use AI, percent illustrative share saving more than one hour 46% MORROW WORKLAB / FICTIONAL RESEARCH DEMO Illustrative survey data 5 5 Time savings depend on the work",div,200,https://presentations.kujolang.ai/live-talk/5/,0,local HTTP,,
baseline,https://presentations.kujolang.ai/live-talk/,https://presentations.kujolang.ai/live-talk/6/,"MORROW / WORKLAB Adoption barriers 6 / 9 Three barriers shape adoption Employees need practical instruction, approved tools, and visible support from leaders. 01 38% lack practical training Short sessions explain the tool but rarely change the work. 02 34% lack approved tools Employees turn to unsanctioned options when access is limited. 03 27% lack leadership support Teams hesitate when expectations and accountability stay unclear. MORROW WORKLAB / FICTIONAL RESEARCH DEMO Illustrative survey data 6 6 Three barriers shape adoption",div,200,https://presentations.kujolang.ai/live-talk/6/,0,local HTTP,,
baseline,https://presentations.kujolang.ai/live-talk/,https://presentations.kujolang.ai/live-talk/7/,MORROW / WORKLAB Operating model 7 / 9 Workflow redesign remains uneven Most companies deploy AI inside existing processes. Fewer reshape the work or invent a different model. deploy AI in existing workflows 68% reshape end-to-end processes 47% invent new operating models 19% MORROW WORKLAB / FICTIONAL RESEARCH DEMO Illustrative survey data; categories may overlap 7 7 Workflow redesign remains uneven,div,200,https://presentations.kujolang.ai/live-talk/7/,0,local HTTP,,
baseline,https://presentations.kujolang.ai/live-talk/,https://presentations.kujolang.ai/live-talk/8/,"MORROW / WORKLAB AI agents 8 / 9 see meaningful potential 74% 01 31% understand agents Practical familiarity remains much lower than interest. 02 42% worry about oversight Another 35% cite unclear accountability when mistakes occur. AI agents show promise, but understanding remains low Interest is broad. Familiarity with governance, limits, and day-to-day use remains narrow. MORROW WORKLAB / FICTIONAL RESEARCH DEMO Illustrative survey data 8 8 AI agents show promise, but understanding remains low",div,200,https://presentations.kujolang.ai/live-talk/8/,0,local HTTP,,
baseline,https://presentations.kujolang.ai/live-talk/,https://presentations.kujolang.ai/live-talk/9/,"MORROW / WORKLAB Leadership agenda 9 / 9 Four priorities for leaders The next phase depends on practical capability and deliberate workflow choices. 01 Train for the work Teach employees inside real tasks and decisions. 02 Measure value Track time, quality, satisfaction, and risk. 03 Redesign workflows Change the process when tools alone stop helping. 04 Test agents carefully Define oversight before expanding autonomy. MORROW WORKLAB / FICTIONAL RESEARCH DEMO Illustrative leadership framework 9 9 Four priorities for leaders",div,200,https://presentations.kujolang.ai/live-talk/9/,0,local HTTP,,
baseline,https://presentations.kujolang.ai/live-talk/,https://presentations.kujolang.ai/live-talk/reading/,Read the complete deck as text →,footer,200,https://presentations.kujolang.ai/live-talk/reading/,0,local HTTP,,
baseline,https://presentations.kujolang.ai/live-talk/presenter/,https://presentations.kujolang.ai/live-talk/presenter/#main-content,Skip to content,body,200,https://presentations.kujolang.ai/live-talk/presenter/#main-content,0,local HTTP,,
baseline,https://presentations.kujolang.ai/live-talk/print/,https://presentations.kujolang.ai/live-talk/print/#main-content,Skip to content,body,200,https://presentations.kujolang.ai/live-talk/print/#main-content,0,local HTTP,,
baseline,https://presentations.kujolang.ai/live-talk/reading/,https://presentations.kujolang.ai/live-talk/reading/#main-content,Skip to content,body,200,https://presentations.kujolang.ai/live-talk/reading/#main-content,0,local HTTP,,
baseline,https://presentations.kujolang.ai/live-talk/reading/,https://presentations.kujolang.ai/live-talk/,Overview,main,200,https://presentations.kujolang.ai/live-talk/,0,local HTTP,,
baseline,https://presentations.kujolang.ai/live-talk/reading/,https://presentations.kujolang.ai/live-talk/1/,"1. AI at Work:
Adoption Rises,
but Value Lags",h2,200,https://presentations.kujolang.ai/live-talk/1/,0,local HTTP,,
baseline,https://presentations.kujolang.ai/live-talk/reading/,https://presentations.kujolang.ai/live-talk/2/,2. Survey parameters,h2,200,https://presentations.kujolang.ai/live-talk/2/,0,local HTTP,,
baseline,https://presentations.kujolang.ai/live-talk/reading/,https://presentations.kujolang.ai/live-talk/3/,3. Four findings from the workforce,h2,200,https://presentations.kujolang.ai/live-talk/3/,0,local HTTP,,
baseline,https://presentations.kujolang.ai/live-talk/reading/,https://presentations.kujolang.ai/live-talk/4/,"4. Adoption is high, but frontline use has stalled",h2,200,https://presentations.kujolang.ai/live-talk/4/,0,local HTTP,,
baseline,https://presentations.kujolang.ai/live-talk/reading/,https://presentations.kujolang.ai/live-talk/5/,5. Time savings depend on the work,h2,200,https://presentations.kujolang.ai/live-talk/5/,0,local HTTP,,
baseline,https://presentations.kujolang.ai/live-talk/reading/,https://presentations.kujolang.ai/live-talk/6/,6. Three barriers shape adoption,h2,200,https://presentations.kujolang.ai/live-talk/6/,0,local HTTP,,
baseline,https://presentations.kujolang.ai/live-talk/reading/,https://presentations.kujolang.ai/live-talk/7/,7. Workflow redesign remains uneven,h2,200,https://presentations.kujolang.ai/live-talk/7/,0,local HTTP,,
baseline,https://presentations.kujolang.ai/live-talk/reading/,https://presentations.kujolang.ai/live-talk/8/,"8. AI agents show promise, but understanding remains low",h2,200,https://presentations.kujolang.ai/live-talk/8/,0,local HTTP,,
baseline,https://presentations.kujolang.ai/live-talk/reading/,https://presentations.kujolang.ai/live-talk/9/,9. Four priorities for leaders,h2,200,https://presentations.kujolang.ai/live-talk/9/,0,local HTTP,,
baseline,https://presentations.kujolang.ai/original/1/,https://presentations.kujolang.ai/original/1/#main-content,Skip to content,body,200,https://presentations.kujolang.ai/original/1/#main-content,0,local HTTP,,
baseline,https://presentations.kujolang.ai/original/1/,https://presentations.kujolang.ai/original/2/,Next →,nav,200,https://presentations.kujolang.ai/original/2/,0,local HTTP,,
baseline,https://presentations.kujolang.ai/original/1/,https://presentations.kujolang.ai/original/,Overview,nav,200,https://presentations.kujolang.ai/original/,0,local HTTP,,
baseline,https://presentations.kujolang.ai/original/1/,https://presentations.kujolang.ai/original/reading/#slide-1,Read text,nav,200,https://presentations.kujolang.ai/original/reading/#slide-1,0,local HTTP,,
baseline,https://presentations.kujolang.ai/original/1/,https://presentations.kujolang.ai/original/print/,Print / PDF,nav,200,https://presentations.kujolang.ai/original/print/,0,local HTTP,,
baseline,https://presentations.kujolang.ai/original/2/,https://presentations.kujolang.ai/original/2/#main-content,Skip to content,body,200,https://presentations.kujolang.ai/original/2/#main-content,0,local HTTP,,
baseline,https://presentations.kujolang.ai/original/2/,https://presentations.kujolang.ai/original/1/,← Previous,nav,200,https://presentations.kujolang.ai/original/1/,0,local HTTP,,
baseline,https://presentations.kujolang.ai/original/2/,https://presentations.kujolang.ai/original/3/,Next →,nav,200,https://presentations.kujolang.ai/original/3/,0,local HTTP,,
baseline,https://presentations.kujolang.ai/original/2/,https://presentations.kujolang.ai/original/,Overview,nav,200,https://presentations.kujolang.ai/original/,0,local HTTP,,
baseline,https://presentations.kujolang.ai/original/2/,https://presentations.kujolang.ai/original/reading/#slide-2,Read text,nav,200,https://presentations.kujolang.ai/original/reading/#slide-2,0,local HTTP,,
baseline,https://presentations.kujolang.ai/original/2/,https://presentations.kujolang.ai/original/print/,Print / PDF,nav,200,https://presentations.kujolang.ai/original/print/,0,local HTTP,,
baseline,https://presentations.kujolang.ai/original/3/,https://presentations.kujolang.ai/original/3/#main-content,Skip to content,body,200,https://presentations.kujolang.ai/original/3/#main-content,0,local HTTP,,
baseline,https://presentations.kujolang.ai/original/3/,https://presentations.kujolang.ai/original/2/,← Previous,nav,200,https://presentations.kujolang.ai/original/2/,0,local HTTP,,
baseline,https://presentations.kujolang.ai/original/3/,https://presentations.kujolang.ai/original/4/,Next →,nav,200,https://presentations.kujolang.ai/original/4/,0,local HTTP,,
baseline,https://presentations.kujolang.ai/original/3/,https://presentations.kujolang.ai/original/,Overview,nav,200,https://presentations.kujolang.ai/original/,0,local HTTP,,
baseline,https://presentations.kujolang.ai/original/3/,https://presentations.kujolang.ai/original/reading/#slide-3,Read text,nav,200,https://presentations.kujolang.ai/original/reading/#slide-3,0,local HTTP,,
baseline,https://presentations.kujolang.ai/original/3/,https://presentations.kujolang.ai/original/print/,Print / PDF,nav,200,https://presentations.kujolang.ai/original/print/,0,local HTTP,,
baseline,https://presentations.kujolang.ai/original/4/,https://presentations.kujolang.ai/original/4/#main-content,Skip to content,body,200,https://presentations.kujolang.ai/original/4/#main-content,0,local HTTP,,
baseline,https://presentations.kujolang.ai/original/4/,https://presentations.kujolang.ai/original/3/,← Previous,nav,200,https://presentations.kujolang.ai/original/3/,0,local HTTP,,
baseline,https://presentations.kujolang.ai/original/4/,https://presentations.kujolang.ai/original/5/,Next →,nav,200,https://presentations.kujolang.ai/original/5/,0,local HTTP,,
baseline,https://presentations.kujolang.ai/original/4/,https://presentations.kujolang.ai/original/,Overview,nav,200,https://presentations.kujolang.ai/original/,0,local HTTP,,
baseline,https://presentations.kujolang.ai/original/4/,https://presentations.kujolang.ai/original/reading/#slide-4,Read text,nav,200,https://presentations.kujolang.ai/original/reading/#slide-4,0,local HTTP,,
baseline,https://presentations.kujolang.ai/original/4/,https://presentations.kujolang.ai/original/print/,Print / PDF,nav,200,https://presentations.kujolang.ai/original/print/,0,local HTTP,,
baseline,https://presentations.kujolang.ai/original/404.html,https://presentations.kujolang.ai/original/404.html#main-content,Skip to content,body,200,https://presentations.kujolang.ai/original/404.html#main-content,0,local HTTP,,
baseline,https://presentations.kujolang.ai/original/404.html,https://presentations.kujolang.ai/original/,Overview,main,200,https://presentations.kujolang.ai/original/,0,local HTTP,,
baseline,https://presentations.kujolang.ai/original/5/,https://presentations.kujolang.ai/original/5/#main-content,Skip to content,body,200,https://presentations.kujolang.ai/original/5/#main-content,0,local HTTP,,
baseline,https://presentations.kujolang.ai/original/5/,https://presentations.kujolang.ai/original/4/,← Previous,nav,200,https://presentations.kujolang.ai/original/4/,0,local HTTP,,
baseline,https://presentations.kujolang.ai/original/5/,https://presentations.kujolang.ai/original/6/,Next →,nav,200,https://presentations.kujolang.ai/original/6/,0,local HTTP,,
baseline,https://presentations.kujolang.ai/original/5/,https://presentations.kujolang.ai/original/,Overview,nav,200,https://presentations.kujolang.ai/original/,0,local HTTP,,
baseline,https://presentations.kujolang.ai/original/5/,https://presentations.kujolang.ai/original/reading/#slide-5,Read text,nav,200,https://presentations.kujolang.ai/original/reading/#slide-5,0,local HTTP,,
baseline,https://presentations.kujolang.ai/original/5/,https://presentations.kujolang.ai/original/print/,Print / PDF,nav,200,https://presentations.kujolang.ai/original/print/,0,local HTTP,,
baseline,https://presentations.kujolang.ai/original/6/,https://presentations.kujolang.ai/original/6/#main-content,Skip to content,body,200,https://presentations.kujolang.ai/original/6/#main-content,0,local HTTP,,
baseline,https://presentations.kujolang.ai/original/6/,https://presentations.kujolang.ai/original/5/,← Previous,nav,200,https://presentations.kujolang.ai/original/5/,0,local HTTP,,
baseline,https://presentations.kujolang.ai/original/6/,https://presentations.kujolang.ai/original/7/,Next →,nav,200,https://presentations.kujolang.ai/original/7/,0,local HTTP,,
baseline,https://presentations.kujolang.ai/original/6/,https://presentations.kujolang.ai/original/,Overview,nav,200,https://presentations.kujolang.ai/original/,0,local HTTP,,
baseline,https://presentations.kujolang.ai/original/6/,https://presentations.kujolang.ai/original/reading/#slide-6,Read text,nav,200,https://presentations.kujolang.ai/original/reading/#slide-6,0,local HTTP,,
baseline,https://presentations.kujolang.ai/original/6/,https://presentations.kujolang.ai/original/print/,Print / PDF,nav,200,https://presentations.kujolang.ai/original/print/,0,local HTTP,,
baseline,https://presentations.kujolang.ai/original/7/,https://presentations.kujolang.ai/original/7/#main-content,Skip to content,body,200,https://presentations.kujolang.ai/original/7/#main-content,0,local HTTP,,
baseline,https://presentations.kujolang.ai/original/7/,https://presentations.kujolang.ai/original/6/,← Previous,nav,200,https://presentations.kujolang.ai/original/6/,0,local HTTP,,
baseline,https://presentations.kujolang.ai/original/7/,https://presentations.kujolang.ai/original/8/,Next →,nav,200,https://presentations.kujolang.ai/original/8/,0,local HTTP,,
baseline,https://presentations.kujolang.ai/original/7/,https://presentations.kujolang.ai/original/,Overview,nav,200,https://presentations.kujolang.ai/original/,0,local HTTP,,
baseline,https://presentations.kujolang.ai/original/7/,https://presentations.kujolang.ai/original/reading/#slide-7,Read text,nav,200,https://presentations.kujolang.ai/original/reading/#slide-7,0,local HTTP,,
baseline,https://presentations.kujolang.ai/original/7/,https://presentations.kujolang.ai/original/print/,Print / PDF,nav,200,https://presentations.kujolang.ai/original/print/,0,local HTTP,,
baseline,https://presentations.kujolang.ai/original/8/,https://presentations.kujolang.ai/original/8/#main-content,Skip to content,body,200,https://presentations.kujolang.ai/original/8/#main-content,0,local HTTP,,
baseline,https://presentations.kujolang.ai/original/8/,https://presentations.kujolang.ai/original/7/,← Previous,nav,200,https://presentations.kujolang.ai/original/7/,0,local HTTP,,
baseline,https://presentations.kujolang.ai/original/8/,https://presentations.kujolang.ai/original/9/,Next →,nav,200,https://presentations.kujolang.ai/original/9/,0,local HTTP,,
baseline,https://presentations.kujolang.ai/original/8/,https://presentations.kujolang.ai/original/,Overview,nav,200,https://presentations.kujolang.ai/original/,0,local HTTP,,
baseline,https://presentations.kujolang.ai/original/8/,https://presentations.kujolang.ai/original/reading/#slide-8,Read text,nav,200,https://presentations.kujolang.ai/original/reading/#slide-8,0,local HTTP,,
baseline,https://presentations.kujolang.ai/original/8/,https://presentations.kujolang.ai/original/print/,Print / PDF,nav,200,https://presentations.kujolang.ai/original/print/,0,local HTTP,,
baseline,https://presentations.kujolang.ai/original/9/,https://presentations.kujolang.ai/original/9/#main-content,Skip to content,body,200,https://presentations.kujolang.ai/original/9/#main-content,0,local HTTP,,
baseline,https://presentations.kujolang.ai/original/9/,https://presentations.kujolang.ai/original/8/,← Previous,nav,200,https://presentations.kujolang.ai/original/8/,0,local HTTP,,
baseline,https://presentations.kujolang.ai/original/9/,https://presentations.kujolang.ai/original/,Overview,nav,200,https://presentations.kujolang.ai/original/,0,local HTTP,,
baseline,https://presentations.kujolang.ai/original/9/,https://presentations.kujolang.ai/original/reading/#slide-9,Read text,nav,200,https://presentations.kujolang.ai/original/reading/#slide-9,0,local HTTP,,
baseline,https://presentations.kujolang.ai/original/9/,https://presentations.kujolang.ai/original/print/,Print / PDF,nav,200,https://presentations.kujolang.ai/original/print/,0,local HTTP,,
baseline,https://presentations.kujolang.ai/original/,https://presentations.kujolang.ai/original/#main-content,Skip to content,body,200,https://presentations.kujolang.ai/original/#main-content,0,local HTTP,,
baseline,https://presentations.kujolang.ai/original/,https://presentations.kujolang.ai/original/1/,Start presentation ↗,header,200,https://presentations.kujolang.ai/original/1/,0,local HTTP,,
baseline,https://presentations.kujolang.ai/original/,https://presentations.kujolang.ai/original/1/,"FORM / MEDIA A new perspective 1 / 9 Innovating media
for a digital age We connect bold ideas with curious audiences. Independent thinking. Meaningful stories. Made for the way the world moves. Original stories every month 150+ Creative collaborators 78 People in our community 80k Form Media / Strategy & vision / Demo edition 1 1 Innovating media
for a digital age",div,200,https://presentations.kujolang.ai/original/1/,0,local HTTP,,
baseline,https://presentations.kujolang.ai/original/,https://presentations.kujolang.ai/original/2/,"FORM / MEDIA The bigger picture 2 / 9 Presentation
content index From a shared challenge to a lasting impact. A closer look at the ideas, people and possibilities shaping our next chapter. 01 The challenge Understanding a changing media landscape. 02 Our approach A considered response. A clear direction. 03 The opportunity Meeting audiences where they are. 04 Our difference Independent ideas that move culture. 05 How we grow A sustainable model for meaningful work. 06 What comes next Content for every viewer, everywhere. Form Media / Strategy & vision / Demo edition 2 2 Presentation
content index",div,200,https://presentations.kujolang.ai/original/2/,0,local HTTP,,
baseline,https://presentations.kujolang.ai/original/,https://presentations.kujolang.ai/original/3/,"FORM / MEDIA 01 / The challenge 3 / 9 Problem
statement More content. Less connection. The media landscape has never been louder—or harder to navigate. 01 Attention is fragmented Audiences move between platforms, while stories struggle to travel with them. 02 Trust needs to be earned Consistency, context and a human point of view matter more than volume. 03 One size does not fit all Different communities deserve stories that reflect their lives. Form Media / Strategy & vision / Demo edition 3 3 Problem
statement",div,200,https://presentations.kujolang.ai/original/3/,0,local HTTP,,
baseline,https://presentations.kujolang.ai/original/,https://presentations.kujolang.ai/original/4/,"FORM / MEDIA 02 / Our approach 4 / 9 Build with intention. We bring editorial care and creative experimentation together to make work that stays with people. 01 Start with people Listen closely. Understand what a community needs before making something for it. 02 Make every format count Translate a strong idea across film, audio and digital experiences. 03 Learn and improve Use audience feedback to inform the next story, not to repeat the last one. Our solutions for
lasting impact Form Media / Strategy & vision / Demo edition 4 4 Our solutions for
lasting impact",div,200,https://presentations.kujolang.ai/original/4/,0,local HTTP,,
baseline,https://presentations.kujolang.ai/original/,https://presentations.kujolang.ai/original/5/,"FORM / MEDIA 03 / The opportunity 5 / 9 Market opportunity A connected generation is choosing media on its own terms. There is room for a more thoughtful kind of publisher. Video 74% Audio 48% Editorial 62% Community 88% Illustrative audience interest by format · Demo data, not research of our demo audience wants more relevant stories 98% Form Media / Strategy & vision / Demo edition 5 5 Market opportunity",div,200,https://presentations.kujolang.ai/original/5/,0,local HTTP,,
baseline,https://presentations.kujolang.ai/original/,https://presentations.kujolang.ai/original/6/,"FORM / MEDIA 04 / Our difference 6 / 9 Unique value
proposition Independent perspective. Connected thinking. A creative partner that sees the whole picture and cares about every detail. 01 Human by design Stories built around real people, meaningful questions and lived experience. 02 Culture in context We make room for nuance and bring fresh perspectives to familiar subjects. 03 Built to connect Each format opens a different door into the same compelling idea. 04 Lasting relevance Careful craft and a clear point of view give our work a longer life. Form Media / Strategy & vision / Demo edition 6 6 Unique value
proposition",div,200,https://presentations.kujolang.ai/original/6/,0,local HTTP,,
baseline,https://presentations.kujolang.ai/original/,https://presentations.kujolang.ai/original/7/,"FORM / MEDIA 05 / How we grow 7 / 9 Business
model A balanced model that supports independent creativity and shared, sustainable growth. 01 Membership A closer connection through exclusive stories, conversations and experiences. 02 Creative partnerships Collaborative campaigns for brands that share our curiosity and values. 03 Licensing & distribution Original formats and stories that travel to new audiences and platforms. Form Media / Strategy & vision / Demo edition 7 7 Business
model",div,200,https://presentations.kujolang.ai/original/7/,0,local HTTP,,
baseline,https://presentations.kujolang.ai/original/,https://presentations.kujolang.ai/original/8/,"FORM / MEDIA 06 / People first 8 / 9 curious minds, one growing community 80k+ 01 Personal relevance Explore subjects that connect with your interests. 02 Room for discovery Find a new voice beyond the familiar. Curating content
for every viewer The right story, in the right format, at the right moment. Discover something that feels made for you. Form Media / Strategy & vision / Demo edition 8 8 Curating content
for every viewer",div,200,https://presentations.kujolang.ai/original/8/,0,local HTTP,,
baseline,https://presentations.kujolang.ai/original/,https://presentations.kujolang.ai/original/9/,"FORM / MEDIA 07 / Many ways in 9 / 9 Diverse media
offerings Watch. Listen. Read. Participate. Different ways to experience the stories that bring us together. Original editorial formats 12 Creative voices 40+ 01 One perspective.
Many possibilities. A connected world of ideas, open to everyone. Form Media / Strategy & vision / Demo edition 9 9 Diverse media
offerings",div,200,https://presentations.kujolang.ai/original/9/,0,local HTTP,,
baseline,https://presentations.kujolang.ai/original/,https://presentations.kujolang.ai/original/reading/,Read the complete deck as text →,footer,200,https://presentations.kujolang.ai/original/reading/,0,local HTTP,,
baseline,https://presentations.kujolang.ai/original/presenter/,https://presentations.kujolang.ai/original/presenter/#main-content,Skip to content,body,200,https://presentations.kujolang.ai/original/presenter/#main-content,0,local HTTP,,
baseline,https://presentations.kujolang.ai/original/print/,https://presentations.kujolang.ai/original/print/#main-content,Skip to content,body,200,https://presentations.kujolang.ai/original/print/#main-content,0,local HTTP,,
baseline,https://presentations.kujolang.ai/original/reading/,https://presentations.kujolang.ai/original/reading/#main-content,Skip to content,body,200,https://presentations.kujolang.ai/original/reading/#main-content,0,local HTTP,,
baseline,https://presentations.kujolang.ai/original/reading/,https://presentations.kujolang.ai/original/,Overview,main,200,https://presentations.kujolang.ai/original/,0,local HTTP,,
baseline,https://presentations.kujolang.ai/original/reading/,https://presentations.kujolang.ai/original/1/,"1. Innovating media
for a digital age",h2,200,https://presentations.kujolang.ai/original/1/,0,local HTTP,,
baseline,https://presentations.kujolang.ai/original/reading/,https://presentations.kujolang.ai/original/2/,"2. Presentation
content index",h2,200,https://presentations.kujolang.ai/original/2/,0,local HTTP,,
baseline,https://presentations.kujolang.ai/original/reading/,https://presentations.kujolang.ai/original/3/,"3. Problem
statement",h2,200,https://presentations.kujolang.ai/original/3/,0,local HTTP,,
baseline,https://presentations.kujolang.ai/original/reading/,https://presentations.kujolang.ai/original/4/,"4. Our solutions for
lasting impact",h2,200,https://presentations.kujolang.ai/original/4/,0,local HTTP,,
baseline,https://presentations.kujolang.ai/original/reading/,https://presentations.kujolang.ai/original/5/,5. Market opportunity,h2,200,https://presentations.kujolang.ai/original/5/,0,local HTTP,,
baseline,https://presentations.kujolang.ai/original/reading/,https://presentations.kujolang.ai/original/6/,"6. Unique value
proposition",h2,200,https://presentations.kujolang.ai/original/6/,0,local HTTP,,
baseline,https://presentations.kujolang.ai/original/reading/,https://presentations.kujolang.ai/original/7/,"7. Business
model",h2,200,https://presentations.kujolang.ai/original/7/,0,local HTTP,,
baseline,https://presentations.kujolang.ai/original/reading/,https://presentations.kujolang.ai/original/8/,"8. Curating content
for every viewer",h2,200,https://presentations.kujolang.ai/original/8/,0,local HTTP,,
baseline,https://presentations.kujolang.ai/original/reading/,https://presentations.kujolang.ai/original/9/,"9. Diverse media
offerings",h2,200,https://presentations.kujolang.ai/original/9/,0,local HTTP,,
baseline,https://presentations.kujolang.ai/sales/1/,https://presentations.kujolang.ai/sales/1/#main-content,Skip to content,body,200,https://presentations.kujolang.ai/sales/1/#main-content,0,local HTTP,,
baseline,https://presentations.kujolang.ai/sales/1/,https://presentations.kujolang.ai/sales/2/,Next →,nav,200,https://presentations.kujolang.ai/sales/2/,0,local HTTP,,
baseline,https://presentations.kujolang.ai/sales/1/,https://presentations.kujolang.ai/sales/,Overview,nav,200,https://presentations.kujolang.ai/sales/,0,local HTTP,,
baseline,https://presentations.kujolang.ai/sales/1/,https://presentations.kujolang.ai/sales/reading/#slide-1,Read text,nav,200,https://presentations.kujolang.ai/sales/reading/#slide-1,0,local HTTP,,
baseline,https://presentations.kujolang.ai/sales/1/,https://presentations.kujolang.ai/sales/print/,Print / PDF,nav,200,https://presentations.kujolang.ai/sales/print/,0,local HTTP,,
baseline,https://presentations.kujolang.ai/sales/2/,https://presentations.kujolang.ai/sales/2/#main-content,Skip to content,body,200,https://presentations.kujolang.ai/sales/2/#main-content,0,local HTTP,,
baseline,https://presentations.kujolang.ai/sales/2/,https://presentations.kujolang.ai/sales/1/,← Previous,nav,200,https://presentations.kujolang.ai/sales/1/,0,local HTTP,,
baseline,https://presentations.kujolang.ai/sales/2/,https://presentations.kujolang.ai/sales/3/,Next →,nav,200,https://presentations.kujolang.ai/sales/3/,0,local HTTP,,
baseline,https://presentations.kujolang.ai/sales/2/,https://presentations.kujolang.ai/sales/,Overview,nav,200,https://presentations.kujolang.ai/sales/,0,local HTTP,,
baseline,https://presentations.kujolang.ai/sales/2/,https://presentations.kujolang.ai/sales/reading/#slide-2,Read text,nav,200,https://presentations.kujolang.ai/sales/reading/#slide-2,0,local HTTP,,
baseline,https://presentations.kujolang.ai/sales/2/,https://presentations.kujolang.ai/sales/print/,Print / PDF,nav,200,https://presentations.kujolang.ai/sales/print/,0,local HTTP,,
baseline,https://presentations.kujolang.ai/sales/3/,https://presentations.kujolang.ai/sales/3/#main-content,Skip to content,body,200,https://presentations.kujolang.ai/sales/3/#main-content,0,local HTTP,,
baseline,https://presentations.kujolang.ai/sales/3/,https://presentations.kujolang.ai/sales/2/,← Previous,nav,200,https://presentations.kujolang.ai/sales/2/,0,local HTTP,,
baseline,https://presentations.kujolang.ai/sales/3/,https://presentations.kujolang.ai/sales/4/,Next →,nav,200,https://presentations.kujolang.ai/sales/4/,0,local HTTP,,
baseline,https://presentations.kujolang.ai/sales/3/,https://presentations.kujolang.ai/sales/,Overview,nav,200,https://presentations.kujolang.ai/sales/,0,local HTTP,,
baseline,https://presentations.kujolang.ai/sales/3/,https://presentations.kujolang.ai/sales/reading/#slide-3,Read text,nav,200,https://presentations.kujolang.ai/sales/reading/#slide-3,0,local HTTP,,
baseline,https://presentations.kujolang.ai/sales/3/,https://presentations.kujolang.ai/sales/print/,Print / PDF,nav,200,https://presentations.kujolang.ai/sales/print/,0,local HTTP,,
baseline,https://presentations.kujolang.ai/sales/4/,https://presentations.kujolang.ai/sales/4/#main-content,Skip to content,body,200,https://presentations.kujolang.ai/sales/4/#main-content,0,local HTTP,,
baseline,https://presentations.kujolang.ai/sales/4/,https://presentations.kujolang.ai/sales/3/,← Previous,nav,200,https://presentations.kujolang.ai/sales/3/,0,local HTTP,,
baseline,https://presentations.kujolang.ai/sales/4/,https://presentations.kujolang.ai/sales/5/,Next →,nav,200,https://presentations.kujolang.ai/sales/5/,0,local HTTP,,
baseline,https://presentations.kujolang.ai/sales/4/,https://presentations.kujolang.ai/sales/,Overview,nav,200,https://presentations.kujolang.ai/sales/,0,local HTTP,,
baseline,https://presentations.kujolang.ai/sales/4/,https://presentations.kujolang.ai/sales/reading/#slide-4,Read text,nav,200,https://presentations.kujolang.ai/sales/reading/#slide-4,0,local HTTP,,
baseline,https://presentations.kujolang.ai/sales/4/,https://presentations.kujolang.ai/sales/print/,Print / PDF,nav,200,https://presentations.kujolang.ai/sales/print/,0,local HTTP,,
baseline,https://presentations.kujolang.ai/sales/404.html,https://presentations.kujolang.ai/sales/404.html#main-content,Skip to content,body,200,https://presentations.kujolang.ai/sales/404.html#main-content,0,local HTTP,,
baseline,https://presentations.kujolang.ai/sales/404.html,https://presentations.kujolang.ai/sales/,Overview,main,200,https://presentations.kujolang.ai/sales/,0,local HTTP,,
baseline,https://presentations.kujolang.ai/sales/5/,https://presentations.kujolang.ai/sales/5/#main-content,Skip to content,body,200,https://presentations.kujolang.ai/sales/5/#main-content,0,local HTTP,,
baseline,https://presentations.kujolang.ai/sales/5/,https://presentations.kujolang.ai/sales/4/,← Previous,nav,200,https://presentations.kujolang.ai/sales/4/,0,local HTTP,,
baseline,https://presentations.kujolang.ai/sales/5/,https://presentations.kujolang.ai/sales/6/,Next →,nav,200,https://presentations.kujolang.ai/sales/6/,0,local HTTP,,
baseline,https://presentations.kujolang.ai/sales/5/,https://presentations.kujolang.ai/sales/,Overview,nav,200,https://presentations.kujolang.ai/sales/,0,local HTTP,,
baseline,https://presentations.kujolang.ai/sales/5/,https://presentations.kujolang.ai/sales/reading/#slide-5,Read text,nav,200,https://presentations.kujolang.ai/sales/reading/#slide-5,0,local HTTP,,
baseline,https://presentations.kujolang.ai/sales/5/,https://presentations.kujolang.ai/sales/print/,Print / PDF,nav,200,https://presentations.kujolang.ai/sales/print/,0,local HTTP,,
baseline,https://presentations.kujolang.ai/sales/6/,https://presentations.kujolang.ai/sales/6/#main-content,Skip to content,body,200,https://presentations.kujolang.ai/sales/6/#main-content,0,local HTTP,,
baseline,https://presentations.kujolang.ai/sales/6/,https://presentations.kujolang.ai/sales/5/,← Previous,nav,200,https://presentations.kujolang.ai/sales/5/,0,local HTTP,,
baseline,https://presentations.kujolang.ai/sales/6/,https://presentations.kujolang.ai/sales/7/,Next →,nav,200,https://presentations.kujolang.ai/sales/7/,0,local HTTP,,
baseline,https://presentations.kujolang.ai/sales/6/,https://presentations.kujolang.ai/sales/,Overview,nav,200,https://presentations.kujolang.ai/sales/,0,local HTTP,,
baseline,https://presentations.kujolang.ai/sales/6/,https://presentations.kujolang.ai/sales/reading/#slide-6,Read text,nav,200,https://presentations.kujolang.ai/sales/reading/#slide-6,0,local HTTP,,
baseline,https://presentations.kujolang.ai/sales/6/,https://presentations.kujolang.ai/sales/print/,Print / PDF,nav,200,https://presentations.kujolang.ai/sales/print/,0,local HTTP,,
baseline,https://presentations.kujolang.ai/sales/7/,https://presentations.kujolang.ai/sales/7/#main-content,Skip to content,body,200,https://presentations.kujolang.ai/sales/7/#main-content,0,local HTTP,,
baseline,https://presentations.kujolang.ai/sales/7/,https://presentations.kujolang.ai/sales/6/,← Previous,nav,200,https://presentations.kujolang.ai/sales/6/,0,local HTTP,,
baseline,https://presentations.kujolang.ai/sales/7/,https://presentations.kujolang.ai/sales/8/,Next →,nav,200,https://presentations.kujolang.ai/sales/8/,0,local HTTP,,
baseline,https://presentations.kujolang.ai/sales/7/,https://presentations.kujolang.ai/sales/,Overview,nav,200,https://presentations.kujolang.ai/sales/,0,local HTTP,,
baseline,https://presentations.kujolang.ai/sales/7/,https://presentations.kujolang.ai/sales/reading/#slide-7,Read text,nav,200,https://presentations.kujolang.ai/sales/reading/#slide-7,0,local HTTP,,
baseline,https://presentations.kujolang.ai/sales/7/,https://presentations.kujolang.ai/sales/print/,Print / PDF,nav,200,https://presentations.kujolang.ai/sales/print/,0,local HTTP,,
baseline,https://presentations.kujolang.ai/sales/8/,https://presentations.kujolang.ai/sales/8/#main-content,Skip to content,body,200,https://presentations.kujolang.ai/sales/8/#main-content,0,local HTTP,,
baseline,https://presentations.kujolang.ai/sales/8/,https://presentations.kujolang.ai/sales/7/,← Previous,nav,200,https://presentations.kujolang.ai/sales/7/,0,local HTTP,,
baseline,https://presentations.kujolang.ai/sales/8/,https://presentations.kujolang.ai/sales/9/,Next →,nav,200,https://presentations.kujolang.ai/sales/9/,0,local HTTP,,
baseline,https://presentations.kujolang.ai/sales/8/,https://presentations.kujolang.ai/sales/,Overview,nav,200,https://presentations.kujolang.ai/sales/,0,local HTTP,,
baseline,https://presentations.kujolang.ai/sales/8/,https://presentations.kujolang.ai/sales/reading/#slide-8,Read text,nav,200,https://presentations.kujolang.ai/sales/reading/#slide-8,0,local HTTP,,
baseline,https://presentations.kujolang.ai/sales/8/,https://presentations.kujolang.ai/sales/print/,Print / PDF,nav,200,https://presentations.kujolang.ai/sales/print/,0,local HTTP,,
baseline,https://presentations.kujolang.ai/sales/9/,https://presentations.kujolang.ai/sales/9/#main-content,Skip to content,body,200,https://presentations.kujolang.ai/sales/9/#main-content,0,local HTTP,,
baseline,https://presentations.kujolang.ai/sales/9/,https://presentations.kujolang.ai/sales/8/,← Previous,nav,200,https://presentations.kujolang.ai/sales/8/,0,local HTTP,,
baseline,https://presentations.kujolang.ai/sales/9/,https://presentations.kujolang.ai/sales/,Overview,nav,200,https://presentations.kujolang.ai/sales/,0,local HTTP,,
baseline,https://presentations.kujolang.ai/sales/9/,https://presentations.kujolang.ai/sales/reading/#slide-9,Read text,nav,200,https://presentations.kujolang.ai/sales/reading/#slide-9,0,local HTTP,,
baseline,https://presentations.kujolang.ai/sales/9/,https://presentations.kujolang.ai/sales/print/,Print / PDF,nav,200,https://presentations.kujolang.ai/sales/print/,0,local HTTP,,
baseline,https://presentations.kujolang.ai/sales/,https://presentations.kujolang.ai/sales/#main-content,Skip to content,body,200,https://presentations.kujolang.ai/sales/#main-content,0,local HTTP,,
baseline,https://presentations.kujolang.ai/sales/,https://presentations.kujolang.ai/sales/1/,Start presentation ↗,header,200,https://presentations.kujolang.ai/sales/1/,0,local HTTP,,
baseline,https://presentations.kujolang.ai/sales/,https://presentations.kujolang.ai/sales/1/,"SPRINGLINE Consumer company overview 1 / 9 Springline
Overview A fictional global food and beverage portfolio built around everyday occasions. SPRINGLINE / Fictional consumer company demo Illustrative concept — not a real company or offer 1 1 Springline
Overview",div,200,https://presentations.kujolang.ai/sales/1/,0,local HTTP,,
baseline,https://presentations.kujolang.ai/sales/,https://presentations.kujolang.ai/sales/2/,SPRINGLINE Company profile 2 / 9 A broad consumer portfolio Springline brings together convenient foods and beverages for moments throughout the day. illustrative annual revenue $8.4B illustrative markets 24 consumer categories 06 SPRINGLINE / Fictional consumer company demo Illustrative company profile; not actual results 2 2 A broad consumer portfolio,div,200,https://presentations.kujolang.ai/sales/2/,0,local HTTP,,
baseline,https://presentations.kujolang.ai/sales/,https://presentations.kujolang.ai/sales/3/,"SPRINGLINE Portfolio 3 / 9 Brands built for everyday categories A colorful portfolio spans savory snacks, sparkling drinks, functional beverages and breakfast foods. convenient food platforms 04 beverage platforms 02 01 One portfolio Designed around taste, convenience and choice. SPRINGLINE / Fictional consumer company demo Illustrative portfolio architecture 3 3 Brands built for everyday categories",div,200,https://presentations.kujolang.ai/sales/3/,0,local HTTP,,
baseline,https://presentations.kujolang.ai/sales/,https://presentations.kujolang.ai/sales/4/,"SPRINGLINE Capabilities 4 / 9 Investment strengthened the operating system A multi-year program expands capacity, improves route planning and gives teams a sharper view of demand. 2022 42% 2023 55% 2024 69% 2025E 82% Illustrative capability investment index, 2022 through 2025 estimate illustrative index change since 2022 +40% SPRINGLINE / Fictional consumer company demo Illustrative index; not historical or forecast data 4 4 Investment strengthened the operating system",div,200,https://presentations.kujolang.ai/sales/4/,0,local HTTP,,
baseline,https://presentations.kujolang.ai/sales/,https://presentations.kujolang.ai/sales/5/,SPRINGLINE Growth context 5 / 9 Consumer habits keep moving The next generation of demand is shaped by four overlapping expectations. 01 Value Worthwhile choices at every price point. 02 Function Benefits that fit daily routines. 03 Flavor Novelty without losing familiar favorites. 04 Convenience The right format for the right moment. SPRINGLINE / Fictional consumer company demo Illustrative consumer framework 5 5 Consumer habits keep moving,div,200,https://presentations.kujolang.ai/sales/5/,0,local HTTP,,
baseline,https://presentations.kujolang.ai/sales/,https://presentations.kujolang.ai/sales/6/,"SPRINGLINE Strategic priorities 6 / 9 Four priorities guide the next chapter A focused agenda connects the portfolio, the operating model and responsible growth. 01 Earn repeat choice Keep core products relevant and distinctive. 02 Reach new occasions Expand formats, channels and dayparts. 03 Modernize the network Build a faster, more flexible supply system. 04 Build responsibly Improve how ingredients and packaging move. SPRINGLINE / Fictional consumer company demo Illustrative strategic priorities 6 6 Four priorities guide the next chapter",div,200,https://presentations.kujolang.ai/sales/6/,0,local HTTP,,
baseline,https://presentations.kujolang.ai/sales/,https://presentations.kujolang.ai/sales/7/,SPRINGLINE Occasion strategy 7 / 9 Springline designs its portfolio for the rhythm of real life—from the first cup to the shared evening table. 01 At home Breakfast and pantry staples. 02 On the move Portable food and drink formats. 03 Around the table Products made for sharing. More occasions across the day SPRINGLINE / Fictional consumer company demo Illustrative occasion architecture 7 7 More occasions across the day,div,200,https://presentations.kujolang.ai/sales/7/,0,local HTTP,,
baseline,https://presentations.kujolang.ai/sales/,https://presentations.kujolang.ai/sales/8/,"SPRINGLINE Responsible growth 8 / 9 illustrative recyclable or reusable packaging 71% 01 Soil health Support productive, resilient growing systems. 02 Lower-impact operations Use energy, water and materials more efficiently. Progress across the responsible growth agenda Better sourcing, smarter operations and improved packaging are designed to reinforce one another. SPRINGLINE / Fictional consumer company demo Illustrative sustainability scenario; not actual performance 8 8 Progress across the responsible growth agenda",div,200,https://presentations.kujolang.ai/sales/8/,0,local HTTP,,
baseline,https://presentations.kujolang.ai/sales/,https://presentations.kujolang.ai/sales/9/,SPRINGLINE Financial framework 9 / 9 Long-term growth algorithm Innovation expands demand. Productivity funds the next wave. illustrative organic growth range 4–6% illustrative margin expansion range 20–30 bps illustrative earnings growth range HSD% SPRINGLINE / Fictional consumer company demo Illustrative targets; not guidance 9 9 Long-term growth algorithm,div,200,https://presentations.kujolang.ai/sales/9/,0,local HTTP,,
baseline,https://presentations.kujolang.ai/sales/,https://presentations.kujolang.ai/sales/reading/,Read the complete deck as text →,footer,200,https://presentations.kujolang.ai/sales/reading/,0,local HTTP,,
baseline,https://presentations.kujolang.ai/sales/presenter/,https://presentations.kujolang.ai/sales/presenter/#main-content,Skip to content,body,200,https://presentations.kujolang.ai/sales/presenter/#main-content,0,local HTTP,,
baseline,https://presentations.kujolang.ai/sales/print/,https://presentations.kujolang.ai/sales/print/#main-content,Skip to content,body,200,https://presentations.kujolang.ai/sales/print/#main-content,0,local HTTP,,
baseline,https://presentations.kujolang.ai/sales/reading/,https://presentations.kujolang.ai/sales/reading/#main-content,Skip to content,body,200,https://presentations.kujolang.ai/sales/reading/#main-content,0,local HTTP,,
baseline,https://presentations.kujolang.ai/sales/reading/,https://presentations.kujolang.ai/sales/,Overview,main,200,https://presentations.kujolang.ai/sales/,0,local HTTP,,
baseline,https://presentations.kujolang.ai/sales/reading/,https://presentations.kujolang.ai/sales/1/,"1. Springline
Overview",h2,200,https://presentations.kujolang.ai/sales/1/,0,local HTTP,,
baseline,https://presentations.kujolang.ai/sales/reading/,https://presentations.kujolang.ai/sales/2/,2. A broad consumer portfolio,h2,200,https://presentations.kujolang.ai/sales/2/,0,local HTTP,,
baseline,https://presentations.kujolang.ai/sales/reading/,https://presentations.kujolang.ai/sales/3/,3. Brands built for everyday categories,h2,200,https://presentations.kujolang.ai/sales/3/,0,local HTTP,,
baseline,https://presentations.kujolang.ai/sales/reading/,https://presentations.kujolang.ai/sales/4/,4. Investment strengthened the operating system,h2,200,https://presentations.kujolang.ai/sales/4/,0,local HTTP,,
baseline,https://presentations.kujolang.ai/sales/reading/,https://presentations.kujolang.ai/sales/5/,5. Consumer habits keep moving,h2,200,https://presentations.kujolang.ai/sales/5/,0,local HTTP,,
baseline,https://presentations.kujolang.ai/sales/reading/,https://presentations.kujolang.ai/sales/6/,6. Four priorities guide the next chapter,h2,200,https://presentations.kujolang.ai/sales/6/,0,local HTTP,,
baseline,https://presentations.kujolang.ai/sales/reading/,https://presentations.kujolang.ai/sales/7/,7. More occasions across the day,h2,200,https://presentations.kujolang.ai/sales/7/,0,local HTTP,,
baseline,https://presentations.kujolang.ai/sales/reading/,https://presentations.kujolang.ai/sales/8/,8. Progress across the responsible growth agenda,h2,200,https://presentations.kujolang.ai/sales/8/,0,local HTTP,,
baseline,https://presentations.kujolang.ai/sales/reading/,https://presentations.kujolang.ai/sales/9/,9. Long-term growth algorithm,h2,200,https://presentations.kujolang.ai/sales/9/,0,local HTTP,,
after,https://presentations.kujolang.ai/404.html,https://presentations.kujolang.ai/,Return to all demos ↗,p,200,https://presentations.kujolang.ai/,0,local HTTP,,
after,https://presentations.kujolang.ai/,https://presentations.kujolang.ai/#demos,Skip to demos,body,200,https://presentations.kujolang.ai/#demos,0,local HTTP,,
after,https://presentations.kujolang.ai/,https://presentations.kujolang.ai/,Kujo Presentations,header,200,https://presentations.kujolang.ai/,0,local HTTP,,
after,https://presentations.kujolang.ai/,https://presentations.kujolang.ai/original/,"↗ 01 Original demo A new perspective on media The original nine-slide presentation in its black, paper, and orange design.",section,200,https://presentations.kujolang.ai/original/,0,local HTTP,,
after,https://presentations.kujolang.ai/,https://presentations.kujolang.ai/investor/,↗ 02 Investor pitch Vela Investor Briefing A premium membership and payments investor narrative.,section,200,https://presentations.kujolang.ai/investor/,0,local HTTP,,
after,https://presentations.kujolang.ai/,https://presentations.kujolang.ai/sales/,↗ 03 Company overview Springline A portfolio-led consumer brand story for everyday occasions.,section,200,https://presentations.kujolang.ai/sales/,0,local HTTP,,
after,https://presentations.kujolang.ai/,https://presentations.kujolang.ai/live-talk/,"↗ 04 Research report Morrow Worklab A survey-driven story about AI adoption, workflows, and agents.",section,200,https://presentations.kujolang.ai/live-talk/,0,local HTTP,,
after,https://presentations.kujolang.ai/investor/1/,https://presentations.kujolang.ai/investor/1/#main-content,Skip to content,body,200,https://presentations.kujolang.ai/investor/1/#main-content,0,local HTTP,,
after,https://presentations.kujolang.ai/investor/1/,https://presentations.kujolang.ai/investor/2/,Next →,nav,200,https://presentations.kujolang.ai/investor/2/,0,local HTTP,,
after,https://presentations.kujolang.ai/investor/1/,https://presentations.kujolang.ai/investor/,Overview,nav,200,https://presentations.kujolang.ai/investor/,0,local HTTP,,
after,https://presentations.kujolang.ai/investor/1/,https://presentations.kujolang.ai/investor/reading/#slide-1,Read text,nav,200,https://presentations.kujolang.ai/investor/reading/#slide-1,0,local HTTP,,
after,https://presentations.kujolang.ai/investor/1/,https://presentations.kujolang.ai/investor/print/,Print / PDF,nav,200,https://presentations.kujolang.ai/investor/print/,0,local HTTP,,
after,https://presentations.kujolang.ai/investor/2/,https://presentations.kujolang.ai/investor/2/#main-content,Skip to content,body,200,https://presentations.kujolang.ai/investor/2/#main-content,0,local HTTP,,
after,https://presentations.kujolang.ai/investor/2/,https://presentations.kujolang.ai/investor/1/,← Previous,nav,200,https://presentations.kujolang.ai/investor/1/,0,local HTTP,,
after,https://presentations.kujolang.ai/investor/2/,https://presentations.kujolang.ai/investor/3/,Next →,nav,200,https://presentations.kujolang.ai/investor/3/,0,local HTTP,,
after,https://presentations.kujolang.ai/investor/2/,https://presentations.kujolang.ai/investor/,Overview,nav,200,https://presentations.kujolang.ai/investor/,0,local HTTP,,
after,https://presentations.kujolang.ai/investor/2/,https://presentations.kujolang.ai/investor/reading/#slide-2,Read text,nav,200,https://presentations.kujolang.ai/investor/reading/#slide-2,0,local HTTP,,
after,https://presentations.kujolang.ai/investor/2/,https://presentations.kujolang.ai/investor/print/,Print / PDF,nav,200,https://presentations.kujolang.ai/investor/print/,0,local HTTP,,
after,https://presentations.kujolang.ai/investor/3/,https://presentations.kujolang.ai/investor/3/#main-content,Skip to content,body,200,https://presentations.kujolang.ai/investor/3/#main-content,0,local HTTP,,
after,https://presentations.kujolang.ai/investor/3/,https://presentations.kujolang.ai/investor/2/,← Previous,nav,200,https://presentations.kujolang.ai/investor/2/,0,local HTTP,,
after,https://presentations.kujolang.ai/investor/3/,https://presentations.kujolang.ai/investor/4/,Next →,nav,200,https://presentations.kujolang.ai/investor/4/,0,local HTTP,,
after,https://presentations.kujolang.ai/investor/3/,https://presentations.kujolang.ai/investor/,Overview,nav,200,https://presentations.kujolang.ai/investor/,0,local HTTP,,
after,https://presentations.kujolang.ai/investor/3/,https://presentations.kujolang.ai/investor/reading/#slide-3,Read text,nav,200,https://presentations.kujolang.ai/investor/reading/#slide-3,0,local HTTP,,
after,https://presentations.kujolang.ai/investor/3/,https://presentations.kujolang.ai/investor/print/,Print / PDF,nav,200,https://presentations.kujolang.ai/investor/print/,0,local HTTP,,
after,https://presentations.kujolang.ai/investor/4/,https://presentations.kujolang.ai/investor/4/#main-content,Skip to content,body,200,https://presentations.kujolang.ai/investor/4/#main-content,0,local HTTP,,
after,https://presentations.kujolang.ai/investor/4/,https://presentations.kujolang.ai/investor/3/,← Previous,nav,200,https://presentations.kujolang.ai/investor/3/,0,local HTTP,,
after,https://presentations.kujolang.ai/investor/4/,https://presentations.kujolang.ai/investor/5/,Next →,nav,200,https://presentations.kujolang.ai/investor/5/,0,local HTTP,,
after,https://presentations.kujolang.ai/investor/4/,https://presentations.kujolang.ai/investor/,Overview,nav,200,https://presentations.kujolang.ai/investor/,0,local HTTP,,
after,https://presentations.kujolang.ai/investor/4/,https://presentations.kujolang.ai/investor/reading/#slide-4,Read text,nav,200,https://presentations.kujolang.ai/investor/reading/#slide-4,0,local HTTP,,
after,https://presentations.kujolang.ai/investor/4/,https://presentations.kujolang.ai/investor/print/,Print / PDF,nav,200,https://presentations.kujolang.ai/investor/print/,0,local HTTP,,
after,https://presentations.kujolang.ai/investor/404.html,https://presentations.kujolang.ai/investor/404.html#main-content,Skip to content,body,200,https://presentations.kujolang.ai/investor/404.html#main-content,0,local HTTP,,
after,https://presentations.kujolang.ai/investor/404.html,https://presentations.kujolang.ai/investor/,Overview,main,200,https://presentations.kujolang.ai/investor/,0,local HTTP,,
after,https://presentations.kujolang.ai/investor/5/,https://presentations.kujolang.ai/investor/5/#main-content,Skip to content,body,200,https://presentations.kujolang.ai/investor/5/#main-content,0,local HTTP,,
after,https://presentations.kujolang.ai/investor/5/,https://presentations.kujolang.ai/investor/4/,← Previous,nav,200,https://presentations.kujolang.ai/investor/4/,0,local HTTP,,
after,https://presentations.kujolang.ai/investor/5/,https://presentations.kujolang.ai/investor/6/,Next →,nav,200,https://presentations.kujolang.ai/investor/6/,0,local HTTP,,
after,https://presentations.kujolang.ai/investor/5/,https://presentations.kujolang.ai/investor/,Overview,nav,200,https://presentations.kujolang.ai/investor/,0,local HTTP,,
after,https://presentations.kujolang.ai/investor/5/,https://presentations.kujolang.ai/investor/reading/#slide-5,Read text,nav,200,https://presentations.kujolang.ai/investor/reading/#slide-5,0,local HTTP,,
after,https://presentations.kujolang.ai/investor/5/,https://presentations.kujolang.ai/investor/print/,Print / PDF,nav,200,https://presentations.kujolang.ai/investor/print/,0,local HTTP,,
after,https://presentations.kujolang.ai/investor/6/,https://presentations.kujolang.ai/investor/6/#main-content,Skip to content,body,200,https://presentations.kujolang.ai/investor/6/#main-content,0,local HTTP,,
after,https://presentations.kujolang.ai/investor/6/,https://presentations.kujolang.ai/investor/5/,← Previous,nav,200,https://presentations.kujolang.ai/investor/5/,0,local HTTP,,
after,https://presentations.kujolang.ai/investor/6/,https://presentations.kujolang.ai/investor/7/,Next →,nav,200,https://presentations.kujolang.ai/investor/7/,0,local HTTP,,
after,https://presentations.kujolang.ai/investor/6/,https://presentations.kujolang.ai/investor/,Overview,nav,200,https://presentations.kujolang.ai/investor/,0,local HTTP,,
after,https://presentations.kujolang.ai/investor/6/,https://presentations.kujolang.ai/investor/reading/#slide-6,Read text,nav,200,https://presentations.kujolang.ai/investor/reading/#slide-6,0,local HTTP,,
after,https://presentations.kujolang.ai/investor/6/,https://presentations.kujolang.ai/investor/print/,Print / PDF,nav,200,https://presentations.kujolang.ai/investor/print/,0,local HTTP,,
after,https://presentations.kujolang.ai/investor/7/,https://presentations.kujolang.ai/investor/7/#main-content,Skip to content,body,200,https://presentations.kujolang.ai/investor/7/#main-content,0,local HTTP,,
after,https://presentations.kujolang.ai/investor/7/,https://presentations.kujolang.ai/investor/6/,← Previous,nav,200,https://presentations.kujolang.ai/investor/6/,0,local HTTP,,
after,https://presentations.kujolang.ai/investor/7/,https://presentations.kujolang.ai/investor/8/,Next →,nav,200,https://presentations.kujolang.ai/investor/8/,0,local HTTP,,
after,https://presentations.kujolang.ai/investor/7/,https://presentations.kujolang.ai/investor/,Overview,nav,200,https://presentations.kujolang.ai/investor/,0,local HTTP,,
after,https://presentations.kujolang.ai/investor/7/,https://presentations.kujolang.ai/investor/reading/#slide-7,Read text,nav,200,https://presentations.kujolang.ai/investor/reading/#slide-7,0,local HTTP,,
after,https://presentations.kujolang.ai/investor/7/,https://presentations.kujolang.ai/investor/print/,Print / PDF,nav,200,https://presentations.kujolang.ai/investor/print/,0,local HTTP,,
after,https://presentations.kujolang.ai/investor/8/,https://presentations.kujolang.ai/investor/8/#main-content,Skip to content,body,200,https://presentations.kujolang.ai/investor/8/#main-content,0,local HTTP,,
after,https://presentations.kujolang.ai/investor/8/,https://presentations.kujolang.ai/investor/7/,← Previous,nav,200,https://presentations.kujolang.ai/investor/7/,0,local HTTP,,
after,https://presentations.kujolang.ai/investor/8/,https://presentations.kujolang.ai/investor/9/,Next →,nav,200,https://presentations.kujolang.ai/investor/9/,0,local HTTP,,
after,https://presentations.kujolang.ai/investor/8/,https://presentations.kujolang.ai/investor/,Overview,nav,200,https://presentations.kujolang.ai/investor/,0,local HTTP,,
after,https://presentations.kujolang.ai/investor/8/,https://presentations.kujolang.ai/investor/reading/#slide-8,Read text,nav,200,https://presentations.kujolang.ai/investor/reading/#slide-8,0,local HTTP,,
after,https://presentations.kujolang.ai/investor/8/,https://presentations.kujolang.ai/investor/print/,Print / PDF,nav,200,https://presentations.kujolang.ai/investor/print/,0,local HTTP,,
after,https://presentations.kujolang.ai/investor/9/,https://presentations.kujolang.ai/investor/9/#main-content,Skip to content,body,200,https://presentations.kujolang.ai/investor/9/#main-content,0,local HTTP,,
after,https://presentations.kujolang.ai/investor/9/,https://presentations.kujolang.ai/investor/8/,← Previous,nav,200,https://presentations.kujolang.ai/investor/8/,0,local HTTP,,
after,https://presentations.kujolang.ai/investor/9/,https://presentations.kujolang.ai/investor/,Overview,nav,200,https://presentations.kujolang.ai/investor/,0,local HTTP,,
after,https://presentations.kujolang.ai/investor/9/,https://presentations.kujolang.ai/investor/reading/#slide-9,Read text,nav,200,https://presentations.kujolang.ai/investor/reading/#slide-9,0,local HTTP,,
after,https://presentations.kujolang.ai/investor/9/,https://presentations.kujolang.ai/investor/print/,Print / PDF,nav,200,https://presentations.kujolang.ai/investor/print/,0,local HTTP,,
after,https://presentations.kujolang.ai/investor/,https://presentations.kujolang.ai/investor/#main-content,Skip to content,body,200,https://presentations.kujolang.ai/investor/#main-content,0,local HTTP,,
after,https://presentations.kujolang.ai/investor/,https://presentations.kujolang.ai/investor/1/,Start presentation ↗,header,200,https://presentations.kujolang.ai/investor/1/,0,local HTTP,,
after,https://presentations.kujolang.ai/investor/,https://presentations.kujolang.ai/investor/1/,"VELA The membership company 1 / 9 2027
Investor Briefing A premium membership network built around the way people travel, dine and do business. VELA / Fictional investor demo Illustrative concept — not a real company or offer 1 1 2027
Investor Briefing",div,200,https://presentations.kujolang.ai/investor/1/,0,local HTTP,,
after,https://presentations.kujolang.ai/investor/,https://presentations.kujolang.ai/investor/2/,"VELA Investment case 2 / 9 Four strengths power one durable model Vela connects premium members and partners through products people choose to keep using. 01 Premium members A high-intent audience with global lives and businesses. 02 Membership model Recurring value designed to deepen over time. 03 Service culture Human support at the moments that matter most. 04 Partner network Travel, dining and commerce made more rewarding. VELA / Fictional investor demo Illustrative strategy 2 2 Four strengths power one durable model",div,200,https://presentations.kujolang.ai/investor/2/,0,local HTTP,,
after,https://presentations.kujolang.ai/investor/,https://presentations.kujolang.ai/investor/3/,"VELA Growth context 3 / 9 A large, durable runway Premium digital spend expands as travel returns, younger members enter the category and more commerce moves across borders. 2022 48% 2023 57% 2024 68% 2025E 79% 2026E 91% Illustrative premium digital spend index, 2022 through 2026 estimate growth drivers working together 4 VELA / Fictional investor demo Illustrative index; not market guidance 3 3 A large, durable runway",div,200,https://presentations.kujolang.ai/investor/3/,0,local HTTP,,
after,https://presentations.kujolang.ai/investor/,https://presentations.kujolang.ai/investor/4/,"VELA The Vela model 4 / 9 Membership is the growth engine Useful products earn a place in everyday life. Better experiences increase engagement, which attracts stronger partners and funds the next refresh. 01 Acquire Lead with a clear premium proposition. 02 Engage Make benefits useful across the member journey. 03 Renew Refresh value before expectations move. VELA / Fictional investor demo Illustrative operating model 4 4 Membership is the growth engine",div,200,https://presentations.kujolang.ai/investor/4/,0,local HTTP,,
after,https://presentations.kujolang.ai/investor/,https://presentations.kujolang.ai/investor/5/,"VELA Member strategy 5 / 9 Designed for the members shaping spend Vela focuses on customers whose expectations pull the category forward. 01 Global One relationship across home, work and travel. 02 Digital-first Immediate controls, rewards and service. 03 Experience-led Access and recognition beyond transactions. 04 Long-term A product ladder that grows with the member. VELA / Fictional investor demo Illustrative positioning 5 5 Designed for the members shaping spend",div,200,https://presentations.kujolang.ai/investor/5/,0,local HTTP,,
after,https://presentations.kujolang.ai/investor/,https://presentations.kujolang.ai/investor/6/,"VELA Membership services 6 / 9 Value that travels beyond the card The strongest benefits solve real moments: where to stay, where to eat and who can help when plans change. connected experience pillars 03 member relationship 01 01 Travel · Dining · Service Every interaction reinforces the reason to belong. VELA / Fictional investor demo Illustrative product architecture 6 6 Value that travels beyond the card",div,200,https://presentations.kujolang.ai/investor/6/,0,local HTTP,,
after,https://presentations.kujolang.ai/investor/,https://presentations.kujolang.ai/investor/7/,"VELA Economics 7 / 9 A balanced revenue model Four complementary streams reduce dependence on any single behavior while keeping the member relationship at the center. Merchant 44% Membership 27% Lending 19% Services 10% Illustrative revenue mix scenario, percent complementary revenue streams 4 VELA / Fictional investor demo Illustrative mix; not historical or forecast data 7 7 A balanced revenue model",div,200,https://presentations.kujolang.ai/investor/7/,0,local HTTP,,
after,https://presentations.kujolang.ai/investor/,https://presentations.kujolang.ai/investor/8/,"VELA Growth framework 8 / 9 Investment compounds the advantage Vela reinvests in member value and service while keeping a disciplined operating frame. 01 Acquire well Prioritize durable member value over short-lived volume. 02 Engage deeply Turn product utility into recurring preference. 03 Scale carefully Grow service, risk and technology together. VELA / Fictional investor demo Illustrative capital framework 8 8 Investment compounds the advantage",div,200,https://presentations.kujolang.ai/investor/8/,0,local HTTP,,
after,https://presentations.kujolang.ai/investor/,https://presentations.kujolang.ai/investor/9/,"VELA The next chapter 9 / 9 Membership is
the advantage. Vela is an original fictional investor story created with Kujo Presentations. VELA / Fictional investor demo End of illustrative presentation 9 9 Membership is
the advantage.",div,200,https://presentations.kujolang.ai/investor/9/,0,local HTTP,,
after,https://presentations.kujolang.ai/investor/,https://presentations.kujolang.ai/investor/reading/,Read the complete deck as text →,footer,200,https://presentations.kujolang.ai/investor/reading/,0,local HTTP,,
after,https://presentations.kujolang.ai/investor/presenter/,https://presentations.kujolang.ai/investor/presenter/#main-content,Skip to content,body,200,https://presentations.kujolang.ai/investor/presenter/#main-content,0,local HTTP,,
after,https://presentations.kujolang.ai/investor/print/,https://presentations.kujolang.ai/investor/print/#main-content,Skip to content,body,200,https://presentations.kujolang.ai/investor/print/#main-content,0,local HTTP,,
after,https://presentations.kujolang.ai/investor/reading/,https://presentations.kujolang.ai/investor/reading/#main-content,Skip to content,body,200,https://presentations.kujolang.ai/investor/reading/#main-content,0,local HTTP,,
after,https://presentations.kujolang.ai/investor/reading/,https://presentations.kujolang.ai/investor/,Overview,main,200,https://presentations.kujolang.ai/investor/,0,local HTTP,,
after,https://presentations.kujolang.ai/investor/reading/,https://presentations.kujolang.ai/investor/1/,"1. 2027
Investor Briefing",h2,200,https://presentations.kujolang.ai/investor/1/,0,local HTTP,,
after,https://presentations.kujolang.ai/investor/reading/,https://presentations.kujolang.ai/investor/2/,2. Four strengths power one durable model,h2,200,https://presentations.kujolang.ai/investor/2/,0,local HTTP,,
after,https://presentations.kujolang.ai/investor/reading/,https://presentations.kujolang.ai/investor/3/,"3. A large, durable runway",h2,200,https://presentations.kujolang.ai/investor/3/,0,local HTTP,,
after,https://presentations.kujolang.ai/investor/reading/,https://presentations.kujolang.ai/investor/4/,4. Membership is the growth engine,h2,200,https://presentations.kujolang.ai/investor/4/,0,local HTTP,,
after,https://presentations.kujolang.ai/investor/reading/,https://presentations.kujolang.ai/investor/5/,5. Designed for the members shaping spend,h2,200,https://presentations.kujolang.ai/investor/5/,0,local HTTP,,
after,https://presentations.kujolang.ai/investor/reading/,https://presentations.kujolang.ai/investor/6/,6. Value that travels beyond the card,h2,200,https://presentations.kujolang.ai/investor/6/,0,local HTTP,,
after,https://presentations.kujolang.ai/investor/reading/,https://presentations.kujolang.ai/investor/7/,7. A balanced revenue model,h2,200,https://presentations.kujolang.ai/investor/7/,0,local HTTP,,
after,https://presentations.kujolang.ai/investor/reading/,https://presentations.kujolang.ai/investor/8/,8. Investment compounds the advantage,h2,200,https://presentations.kujolang.ai/investor/8/,0,local HTTP,,
after,https://presentations.kujolang.ai/investor/reading/,https://presentations.kujolang.ai/investor/9/,"9. Membership is
the advantage.",h2,200,https://presentations.kujolang.ai/investor/9/,0,local HTTP,,
after,https://presentations.kujolang.ai/live-talk/1/,https://presentations.kujolang.ai/live-talk/1/#main-content,Skip to content,body,200,https://presentations.kujolang.ai/live-talk/1/#main-content,0,local HTTP,,
after,https://presentations.kujolang.ai/live-talk/1/,https://presentations.kujolang.ai/live-talk/2/,Next →,nav,200,https://presentations.kujolang.ai/live-talk/2/,0,local HTTP,,
after,https://presentations.kujolang.ai/live-talk/1/,https://presentations.kujolang.ai/live-talk/,Overview,nav,200,https://presentations.kujolang.ai/live-talk/,0,local HTTP,,
after,https://presentations.kujolang.ai/live-talk/1/,https://presentations.kujolang.ai/live-talk/reading/#slide-1,Read text,nav,200,https://presentations.kujolang.ai/live-talk/reading/#slide-1,0,local HTTP,,
after,https://presentations.kujolang.ai/live-talk/1/,https://presentations.kujolang.ai/live-talk/print/,Print / PDF,nav,200,https://presentations.kujolang.ai/live-talk/print/,0,local HTTP,,
after,https://presentations.kujolang.ai/live-talk/2/,https://presentations.kujolang.ai/live-talk/2/#main-content,Skip to content,body,200,https://presentations.kujolang.ai/live-talk/2/#main-content,0,local HTTP,,
after,https://presentations.kujolang.ai/live-talk/2/,https://presentations.kujolang.ai/live-talk/1/,← Previous,nav,200,https://presentations.kujolang.ai/live-talk/1/,0,local HTTP,,
after,https://presentations.kujolang.ai/live-talk/2/,https://presentations.kujolang.ai/live-talk/3/,Next →,nav,200,https://presentations.kujolang.ai/live-talk/3/,0,local HTTP,,
after,https://presentations.kujolang.ai/live-talk/2/,https://presentations.kujolang.ai/live-talk/,Overview,nav,200,https://presentations.kujolang.ai/live-talk/,0,local HTTP,,
after,https://presentations.kujolang.ai/live-talk/2/,https://presentations.kujolang.ai/live-talk/reading/#slide-2,Read text,nav,200,https://presentations.kujolang.ai/live-talk/reading/#slide-2,0,local HTTP,,
after,https://presentations.kujolang.ai/live-talk/2/,https://presentations.kujolang.ai/live-talk/print/,Print / PDF,nav,200,https://presentations.kujolang.ai/live-talk/print/,0,local HTTP,,
after,https://presentations.kujolang.ai/live-talk/3/,https://presentations.kujolang.ai/live-talk/3/#main-content,Skip to content,body,200,https://presentations.kujolang.ai/live-talk/3/#main-content,0,local HTTP,,
after,https://presentations.kujolang.ai/live-talk/3/,https://presentations.kujolang.ai/live-talk/2/,← Previous,nav,200,https://presentations.kujolang.ai/live-talk/2/,0,local HTTP,,
after,https://presentations.kujolang.ai/live-talk/3/,https://presentations.kujolang.ai/live-talk/4/,Next →,nav,200,https://presentations.kujolang.ai/live-talk/4/,0,local HTTP,,
after,https://presentations.kujolang.ai/live-talk/3/,https://presentations.kujolang.ai/live-talk/,Overview,nav,200,https://presentations.kujolang.ai/live-talk/,0,local HTTP,,
after,https://presentations.kujolang.ai/live-talk/3/,https://presentations.kujolang.ai/live-talk/reading/#slide-3,Read text,nav,200,https://presentations.kujolang.ai/live-talk/reading/#slide-3,0,local HTTP,,
after,https://presentations.kujolang.ai/live-talk/3/,https://presentations.kujolang.ai/live-talk/print/,Print / PDF,nav,200,https://presentations.kujolang.ai/live-talk/print/,0,local HTTP,,
after,https://presentations.kujolang.ai/live-talk/4/,https://presentations.kujolang.ai/live-talk/4/#main-content,Skip to content,body,200,https://presentations.kujolang.ai/live-talk/4/#main-content,0,local HTTP,,
after,https://presentations.kujolang.ai/live-talk/4/,https://presentations.kujolang.ai/live-talk/3/,← Previous,nav,200,https://presentations.kujolang.ai/live-talk/3/,0,local HTTP,,
after,https://presentations.kujolang.ai/live-talk/4/,https://presentations.kujolang.ai/live-talk/5/,Next →,nav,200,https://presentations.kujolang.ai/live-talk/5/,0,local HTTP,,
after,https://presentations.kujolang.ai/live-talk/4/,https://presentations.kujolang.ai/live-talk/,Overview,nav,200,https://presentations.kujolang.ai/live-talk/,0,local HTTP,,
after,https://presentations.kujolang.ai/live-talk/4/,https://presentations.kujolang.ai/live-talk/reading/#slide-4,Read text,nav,200,https://presentations.kujolang.ai/live-talk/reading/#slide-4,0,local HTTP,,
after,https://presentations.kujolang.ai/live-talk/4/,https://presentations.kujolang.ai/live-talk/print/,Print / PDF,nav,200,https://presentations.kujolang.ai/live-talk/print/,0,local HTTP,,
after,https://presentations.kujolang.ai/live-talk/404.html,https://presentations.kujolang.ai/live-talk/404.html#main-content,Skip to content,body,200,https://presentations.kujolang.ai/live-talk/404.html#main-content,0,local HTTP,,
after,https://presentations.kujolang.ai/live-talk/404.html,https://presentations.kujolang.ai/live-talk/,Overview,main,200,https://presentations.kujolang.ai/live-talk/,0,local HTTP,,
after,https://presentations.kujolang.ai/live-talk/5/,https://presentations.kujolang.ai/live-talk/5/#main-content,Skip to content,body,200,https://presentations.kujolang.ai/live-talk/5/#main-content,0,local HTTP,,
after,https://presentations.kujolang.ai/live-talk/5/,https://presentations.kujolang.ai/live-talk/4/,← Previous,nav,200,https://presentations.kujolang.ai/live-talk/4/,0,local HTTP,,
after,https://presentations.kujolang.ai/live-talk/5/,https://presentations.kujolang.ai/live-talk/6/,Next →,nav,200,https://presentations.kujolang.ai/live-talk/6/,0,local HTTP,,
after,https://presentations.kujolang.ai/live-talk/5/,https://presentations.kujolang.ai/live-talk/,Overview,nav,200,https://presentations.kujolang.ai/live-talk/,0,local HTTP,,
after,https://presentations.kujolang.ai/live-talk/5/,https://presentations.kujolang.ai/live-talk/reading/#slide-5,Read text,nav,200,https://presentations.kujolang.ai/live-talk/reading/#slide-5,0,local HTTP,,
after,https://presentations.kujolang.ai/live-talk/5/,https://presentations.kujolang.ai/live-talk/print/,Print / PDF,nav,200,https://presentations.kujolang.ai/live-talk/print/,0,local HTTP,,
after,https://presentations.kujolang.ai/live-talk/6/,https://presentations.kujolang.ai/live-talk/6/#main-content,Skip to content,body,200,https://presentations.kujolang.ai/live-talk/6/#main-content,0,local HTTP,,
after,https://presentations.kujolang.ai/live-talk/6/,https://presentations.kujolang.ai/live-talk/5/,← Previous,nav,200,https://presentations.kujolang.ai/live-talk/5/,0,local HTTP,,
after,https://presentations.kujolang.ai/live-talk/6/,https://presentations.kujolang.ai/live-talk/7/,Next →,nav,200,https://presentations.kujolang.ai/live-talk/7/,0,local HTTP,,
after,https://presentations.kujolang.ai/live-talk/6/,https://presentations.kujolang.ai/live-talk/,Overview,nav,200,https://presentations.kujolang.ai/live-talk/,0,local HTTP,,
after,https://presentations.kujolang.ai/live-talk/6/,https://presentations.kujolang.ai/live-talk/reading/#slide-6,Read text,nav,200,https://presentations.kujolang.ai/live-talk/reading/#slide-6,0,local HTTP,,
after,https://presentations.kujolang.ai/live-talk/6/,https://presentations.kujolang.ai/live-talk/print/,Print / PDF,nav,200,https://presentations.kujolang.ai/live-talk/print/,0,local HTTP,,
after,https://presentations.kujolang.ai/live-talk/7/,https://presentations.kujolang.ai/live-talk/7/#main-content,Skip to content,body,200,https://presentations.kujolang.ai/live-talk/7/#main-content,0,local HTTP,,
after,https://presentations.kujolang.ai/live-talk/7/,https://presentations.kujolang.ai/live-talk/6/,← Previous,nav,200,https://presentations.kujolang.ai/live-talk/6/,0,local HTTP,,
after,https://presentations.kujolang.ai/live-talk/7/,https://presentations.kujolang.ai/live-talk/8/,Next →,nav,200,https://presentations.kujolang.ai/live-talk/8/,0,local HTTP,,
after,https://presentations.kujolang.ai/live-talk/7/,https://presentations.kujolang.ai/live-talk/,Overview,nav,200,https://presentations.kujolang.ai/live-talk/,0,local HTTP,,
after,https://presentations.kujolang.ai/live-talk/7/,https://presentations.kujolang.ai/live-talk/reading/#slide-7,Read text,nav,200,https://presentations.kujolang.ai/live-talk/reading/#slide-7,0,local HTTP,,
after,https://presentations.kujolang.ai/live-talk/7/,https://presentations.kujolang.ai/live-talk/print/,Print / PDF,nav,200,https://presentations.kujolang.ai/live-talk/print/,0,local HTTP,,
after,https://presentations.kujolang.ai/live-talk/8/,https://presentations.kujolang.ai/live-talk/8/#main-content,Skip to content,body,200,https://presentations.kujolang.ai/live-talk/8/#main-content,0,local HTTP,,
after,https://presentations.kujolang.ai/live-talk/8/,https://presentations.kujolang.ai/live-talk/7/,← Previous,nav,200,https://presentations.kujolang.ai/live-talk/7/,0,local HTTP,,
after,https://presentations.kujolang.ai/live-talk/8/,https://presentations.kujolang.ai/live-talk/9/,Next →,nav,200,https://presentations.kujolang.ai/live-talk/9/,0,local HTTP,,
after,https://presentations.kujolang.ai/live-talk/8/,https://presentations.kujolang.ai/live-talk/,Overview,nav,200,https://presentations.kujolang.ai/live-talk/,0,local HTTP,,
after,https://presentations.kujolang.ai/live-talk/8/,https://presentations.kujolang.ai/live-talk/reading/#slide-8,Read text,nav,200,https://presentations.kujolang.ai/live-talk/reading/#slide-8,0,local HTTP,,
after,https://presentations.kujolang.ai/live-talk/8/,https://presentations.kujolang.ai/live-talk/print/,Print / PDF,nav,200,https://presentations.kujolang.ai/live-talk/print/,0,local HTTP,,
after,https://presentations.kujolang.ai/live-talk/9/,https://presentations.kujolang.ai/live-talk/9/#main-content,Skip to content,body,200,https://presentations.kujolang.ai/live-talk/9/#main-content,0,local HTTP,,
after,https://presentations.kujolang.ai/live-talk/9/,https://presentations.kujolang.ai/live-talk/8/,← Previous,nav,200,https://presentations.kujolang.ai/live-talk/8/,0,local HTTP,,
after,https://presentations.kujolang.ai/live-talk/9/,https://presentations.kujolang.ai/live-talk/,Overview,nav,200,https://presentations.kujolang.ai/live-talk/,0,local HTTP,,
after,https://presentations.kujolang.ai/live-talk/9/,https://presentations.kujolang.ai/live-talk/reading/#slide-9,Read text,nav,200,https://presentations.kujolang.ai/live-talk/reading/#slide-9,0,local HTTP,,
after,https://presentations.kujolang.ai/live-talk/9/,https://presentations.kujolang.ai/live-talk/print/,Print / PDF,nav,200,https://presentations.kujolang.ai/live-talk/print/,0,local HTTP,,
after,https://presentations.kujolang.ai/live-talk/,https://presentations.kujolang.ai/live-talk/#main-content,Skip to content,body,200,https://presentations.kujolang.ai/live-talk/#main-content,0,local HTTP,,
after,https://presentations.kujolang.ai/live-talk/,https://presentations.kujolang.ai/live-talk/1/,Start presentation ↗,header,200,https://presentations.kujolang.ai/live-talk/1/,0,local HTTP,,
after,https://presentations.kujolang.ai/live-talk/,https://presentations.kujolang.ai/live-talk/1/,"MORROW / WORKLAB Morrow Worklab / 2026 1 / 9 AI at Work:
Adoption Rises,
but Value Lags A fictional workforce study on the gap between access and meaningful use. MORROW WORKLAB / FICTIONAL RESEARCH DEMO Illustrative research concept — not a real survey 1 1 AI at Work:
Adoption Rises,
but Value Lags",div,200,https://presentations.kujolang.ai/live-talk/1/,0,local HTTP,,
after,https://presentations.kujolang.ai/live-talk/,https://presentations.kujolang.ai/live-talk/2/,"MORROW / WORKLAB Research design 2 / 9 Survey parameters A fictional cross-market sample designed to show a consulting research profile. 01 11,240 illustrative respondents 02 10 illustrative markets 03 03 role groups 04 Q2 2026 illustrative fieldwork period MORROW WORKLAB / FICTIONAL RESEARCH DEMO All sample details are fictional 2 2 Survey parameters",div,200,https://presentations.kujolang.ai/live-talk/2/,0,local HTTP,,
after,https://presentations.kujolang.ai/live-talk/,https://presentations.kujolang.ai/live-talk/3/,MORROW / WORKLAB Executive summary 3 / 9 Four findings from the workforce Access has spread faster than the practices that turn AI into dependable value. 01 Use is common Regular adoption now reaches most office-based roles. 02 Frontline use trails Access and time remain uneven across roles. 03 Training is thin Many employees learn through trial and error. 04 Workflows lag Most teams add tools before changing the work. MORROW WORKLAB / FICTIONAL RESEARCH DEMO Illustrative findings 3 3 Four findings from the workforce,div,200,https://presentations.kujolang.ai/live-talk/3/,0,local HTTP,,
after,https://presentations.kujolang.ai/live-talk/,https://presentations.kujolang.ai/live-talk/4/,"MORROW / WORKLAB Adoption by role 4 / 9 Adoption is high, but frontline use has stalled Regular AI use rises with seniority, leaving the employees closest to daily operations behind. Frontline 52% Managers 78% Leaders 88% Illustrative share of employees using AI regularly, percent illustrative overall regular use 73% MORROW WORKLAB / FICTIONAL RESEARCH DEMO Illustrative survey data 4 4 Adoption is high, but frontline use has stalled",div,200,https://presentations.kujolang.ai/live-talk/4/,0,local HTTP,,
after,https://presentations.kujolang.ai/live-talk/,https://presentations.kujolang.ai/live-talk/5/,"MORROW / WORKLAB Reported impact 5 / 9 Time savings depend on the work Employees report the largest gains in repeatable administrative tasks and the smallest gains in professional development. Admin 61% Analysis 55% Writing 48% Strategy 37% Learning 29% Illustrative share reporting at least one hour saved on days they use AI, percent illustrative share saving more than one hour 46% MORROW WORKLAB / FICTIONAL RESEARCH DEMO Illustrative survey data 5 5 Time savings depend on the work",div,200,https://presentations.kujolang.ai/live-talk/5/,0,local HTTP,,
after,https://presentations.kujolang.ai/live-talk/,https://presentations.kujolang.ai/live-talk/6/,"MORROW / WORKLAB Adoption barriers 6 / 9 Three barriers shape adoption Employees need practical instruction, approved tools, and visible support from leaders. 01 38% lack practical training Short sessions explain the tool but rarely change the work. 02 34% lack approved tools Employees turn to unsanctioned options when access is limited. 03 27% lack leadership support Teams hesitate when expectations and accountability stay unclear. MORROW WORKLAB / FICTIONAL RESEARCH DEMO Illustrative survey data 6 6 Three barriers shape adoption",div,200,https://presentations.kujolang.ai/live-talk/6/,0,local HTTP,,
after,https://presentations.kujolang.ai/live-talk/,https://presentations.kujolang.ai/live-talk/7/,MORROW / WORKLAB Operating model 7 / 9 Workflow redesign remains uneven Most companies deploy AI inside existing processes. Fewer reshape the work or invent a different model. deploy AI in existing workflows 68% reshape end-to-end processes 47% invent new operating models 19% MORROW WORKLAB / FICTIONAL RESEARCH DEMO Illustrative survey data; categories may overlap 7 7 Workflow redesign remains uneven,div,200,https://presentations.kujolang.ai/live-talk/7/,0,local HTTP,,
after,https://presentations.kujolang.ai/live-talk/,https://presentations.kujolang.ai/live-talk/8/,"MORROW / WORKLAB AI agents 8 / 9 see meaningful potential 74% 01 31% understand agents Practical familiarity remains much lower than interest. 02 42% worry about oversight Another 35% cite unclear accountability when mistakes occur. AI agents show promise, but understanding remains low Interest is broad. Familiarity with governance, limits, and day-to-day use remains narrow. MORROW WORKLAB / FICTIONAL RESEARCH DEMO Illustrative survey data 8 8 AI agents show promise, but understanding remains low",div,200,https://presentations.kujolang.ai/live-talk/8/,0,local HTTP,,
after,https://presentations.kujolang.ai/live-talk/,https://presentations.kujolang.ai/live-talk/9/,"MORROW / WORKLAB Leadership agenda 9 / 9 Four priorities for leaders The next phase depends on practical capability and deliberate workflow choices. 01 Train for the work Teach employees inside real tasks and decisions. 02 Measure value Track time, quality, satisfaction, and risk. 03 Redesign workflows Change the process when tools alone stop helping. 04 Test agents carefully Define oversight before expanding autonomy. MORROW WORKLAB / FICTIONAL RESEARCH DEMO Illustrative leadership framework 9 9 Four priorities for leaders",div,200,https://presentations.kujolang.ai/live-talk/9/,0,local HTTP,,
after,https://presentations.kujolang.ai/live-talk/,https://presentations.kujolang.ai/live-talk/reading/,Read the complete deck as text →,footer,200,https://presentations.kujolang.ai/live-talk/reading/,0,local HTTP,,
after,https://presentations.kujolang.ai/live-talk/presenter/,https://presentations.kujolang.ai/live-talk/presenter/#main-content,Skip to content,body,200,https://presentations.kujolang.ai/live-talk/presenter/#main-content,0,local HTTP,,
after,https://presentations.kujolang.ai/live-talk/print/,https://presentations.kujolang.ai/live-talk/print/#main-content,Skip to content,body,200,https://presentations.kujolang.ai/live-talk/print/#main-content,0,local HTTP,,
after,https://presentations.kujolang.ai/live-talk/reading/,https://presentations.kujolang.ai/live-talk/reading/#main-content,Skip to content,body,200,https://presentations.kujolang.ai/live-talk/reading/#main-content,0,local HTTP,,
after,https://presentations.kujolang.ai/live-talk/reading/,https://presentations.kujolang.ai/live-talk/,Overview,main,200,https://presentations.kujolang.ai/live-talk/,0,local HTTP,,
after,https://presentations.kujolang.ai/live-talk/reading/,https://presentations.kujolang.ai/live-talk/1/,"1. AI at Work:
Adoption Rises,
but Value Lags",h2,200,https://presentations.kujolang.ai/live-talk/1/,0,local HTTP,,
after,https://presentations.kujolang.ai/live-talk/reading/,https://presentations.kujolang.ai/live-talk/2/,2. Survey parameters,h2,200,https://presentations.kujolang.ai/live-talk/2/,0,local HTTP,,
after,https://presentations.kujolang.ai/live-talk/reading/,https://presentations.kujolang.ai/live-talk/3/,3. Four findings from the workforce,h2,200,https://presentations.kujolang.ai/live-talk/3/,0,local HTTP,,
after,https://presentations.kujolang.ai/live-talk/reading/,https://presentations.kujolang.ai/live-talk/4/,"4. Adoption is high, but frontline use has stalled",h2,200,https://presentations.kujolang.ai/live-talk/4/,0,local HTTP,,
after,https://presentations.kujolang.ai/live-talk/reading/,https://presentations.kujolang.ai/live-talk/5/,5. Time savings depend on the work,h2,200,https://presentations.kujolang.ai/live-talk/5/,0,local HTTP,,
after,https://presentations.kujolang.ai/live-talk/reading/,https://presentations.kujolang.ai/live-talk/6/,6. Three barriers shape adoption,h2,200,https://presentations.kujolang.ai/live-talk/6/,0,local HTTP,,
after,https://presentations.kujolang.ai/live-talk/reading/,https://presentations.kujolang.ai/live-talk/7/,7. Workflow redesign remains uneven,h2,200,https://presentations.kujolang.ai/live-talk/7/,0,local HTTP,,
after,https://presentations.kujolang.ai/live-talk/reading/,https://presentations.kujolang.ai/live-talk/8/,"8. AI agents show promise, but understanding remains low",h2,200,https://presentations.kujolang.ai/live-talk/8/,0,local HTTP,,
after,https://presentations.kujolang.ai/live-talk/reading/,https://presentations.kujolang.ai/live-talk/9/,9. Four priorities for leaders,h2,200,https://presentations.kujolang.ai/live-talk/9/,0,local HTTP,,
after,https://presentations.kujolang.ai/original/1/,https://presentations.kujolang.ai/original/1/#main-content,Skip to content,body,200,https://presentations.kujolang.ai/original/1/#main-content,0,local HTTP,,
after,https://presentations.kujolang.ai/original/1/,https://presentations.kujolang.ai/original/2/,Next →,nav,200,https://presentations.kujolang.ai/original/2/,0,local HTTP,,
after,https://presentations.kujolang.ai/original/1/,https://presentations.kujolang.ai/original/,Overview,nav,200,https://presentations.kujolang.ai/original/,0,local HTTP,,
after,https://presentations.kujolang.ai/original/1/,https://presentations.kujolang.ai/original/reading/#slide-1,Read text,nav,200,https://presentations.kujolang.ai/original/reading/#slide-1,0,local HTTP,,
after,https://presentations.kujolang.ai/original/1/,https://presentations.kujolang.ai/original/print/,Print / PDF,nav,200,https://presentations.kujolang.ai/original/print/,0,local HTTP,,
after,https://presentations.kujolang.ai/original/2/,https://presentations.kujolang.ai/original/2/#main-content,Skip to content,body,200,https://presentations.kujolang.ai/original/2/#main-content,0,local HTTP,,
after,https://presentations.kujolang.ai/original/2/,https://presentations.kujolang.ai/original/1/,← Previous,nav,200,https://presentations.kujolang.ai/original/1/,0,local HTTP,,
after,https://presentations.kujolang.ai/original/2/,https://presentations.kujolang.ai/original/3/,Next →,nav,200,https://presentations.kujolang.ai/original/3/,0,local HTTP,,
after,https://presentations.kujolang.ai/original/2/,https://presentations.kujolang.ai/original/,Overview,nav,200,https://presentations.kujolang.ai/original/,0,local HTTP,,
after,https://presentations.kujolang.ai/original/2/,https://presentations.kujolang.ai/original/reading/#slide-2,Read text,nav,200,https://presentations.kujolang.ai/original/reading/#slide-2,0,local HTTP,,
after,https://presentations.kujolang.ai/original/2/,https://presentations.kujolang.ai/original/print/,Print / PDF,nav,200,https://presentations.kujolang.ai/original/print/,0,local HTTP,,
after,https://presentations.kujolang.ai/original/3/,https://presentations.kujolang.ai/original/3/#main-content,Skip to content,body,200,https://presentations.kujolang.ai/original/3/#main-content,0,local HTTP,,
after,https://presentations.kujolang.ai/original/3/,https://presentations.kujolang.ai/original/2/,← Previous,nav,200,https://presentations.kujolang.ai/original/2/,0,local HTTP,,
after,https://presentations.kujolang.ai/original/3/,https://presentations.kujolang.ai/original/4/,Next →,nav,200,https://presentations.kujolang.ai/original/4/,0,local HTTP,,
after,https://presentations.kujolang.ai/original/3/,https://presentations.kujolang.ai/original/,Overview,nav,200,https://presentations.kujolang.ai/original/,0,local HTTP,,
after,https://presentations.kujolang.ai/original/3/,https://presentations.kujolang.ai/original/reading/#slide-3,Read text,nav,200,https://presentations.kujolang.ai/original/reading/#slide-3,0,local HTTP,,
after,https://presentations.kujolang.ai/original/3/,https://presentations.kujolang.ai/original/print/,Print / PDF,nav,200,https://presentations.kujolang.ai/original/print/,0,local HTTP,,
after,https://presentations.kujolang.ai/original/4/,https://presentations.kujolang.ai/original/4/#main-content,Skip to content,body,200,https://presentations.kujolang.ai/original/4/#main-content,0,local HTTP,,
after,https://presentations.kujolang.ai/original/4/,https://presentations.kujolang.ai/original/3/,← Previous,nav,200,https://presentations.kujolang.ai/original/3/,0,local HTTP,,
after,https://presentations.kujolang.ai/original/4/,https://presentations.kujolang.ai/original/5/,Next →,nav,200,https://presentations.kujolang.ai/original/5/,0,local HTTP,,
after,https://presentations.kujolang.ai/original/4/,https://presentations.kujolang.ai/original/,Overview,nav,200,https://presentations.kujolang.ai/original/,0,local HTTP,,
after,https://presentations.kujolang.ai/original/4/,https://presentations.kujolang.ai/original/reading/#slide-4,Read text,nav,200,https://presentations.kujolang.ai/original/reading/#slide-4,0,local HTTP,,
after,https://presentations.kujolang.ai/original/4/,https://presentations.kujolang.ai/original/print/,Print / PDF,nav,200,https://presentations.kujolang.ai/original/print/,0,local HTTP,,
after,https://presentations.kujolang.ai/original/404.html,https://presentations.kujolang.ai/original/404.html#main-content,Skip to content,body,200,https://presentations.kujolang.ai/original/404.html#main-content,0,local HTTP,,
after,https://presentations.kujolang.ai/original/404.html,https://presentations.kujolang.ai/original/,Overview,main,200,https://presentations.kujolang.ai/original/,0,local HTTP,,
after,https://presentations.kujolang.ai/original/5/,https://presentations.kujolang.ai/original/5/#main-content,Skip to content,body,200,https://presentations.kujolang.ai/original/5/#main-content,0,local HTTP,,
after,https://presentations.kujolang.ai/original/5/,https://presentations.kujolang.ai/original/4/,← Previous,nav,200,https://presentations.kujolang.ai/original/4/,0,local HTTP,,
after,https://presentations.kujolang.ai/original/5/,https://presentations.kujolang.ai/original/6/,Next →,nav,200,https://presentations.kujolang.ai/original/6/,0,local HTTP,,
after,https://presentations.kujolang.ai/original/5/,https://presentations.kujolang.ai/original/,Overview,nav,200,https://presentations.kujolang.ai/original/,0,local HTTP,,
after,https://presentations.kujolang.ai/original/5/,https://presentations.kujolang.ai/original/reading/#slide-5,Read text,nav,200,https://presentations.kujolang.ai/original/reading/#slide-5,0,local HTTP,,
after,https://presentations.kujolang.ai/original/5/,https://presentations.kujolang.ai/original/print/,Print / PDF,nav,200,https://presentations.kujolang.ai/original/print/,0,local HTTP,,
after,https://presentations.kujolang.ai/original/6/,https://presentations.kujolang.ai/original/6/#main-content,Skip to content,body,200,https://presentations.kujolang.ai/original/6/#main-content,0,local HTTP,,
after,https://presentations.kujolang.ai/original/6/,https://presentations.kujolang.ai/original/5/,← Previous,nav,200,https://presentations.kujolang.ai/original/5/,0,local HTTP,,
after,https://presentations.kujolang.ai/original/6/,https://presentations.kujolang.ai/original/7/,Next →,nav,200,https://presentations.kujolang.ai/original/7/,0,local HTTP,,
after,https://presentations.kujolang.ai/original/6/,https://presentations.kujolang.ai/original/,Overview,nav,200,https://presentations.kujolang.ai/original/,0,local HTTP,,
after,https://presentations.kujolang.ai/original/6/,https://presentations.kujolang.ai/original/reading/#slide-6,Read text,nav,200,https://presentations.kujolang.ai/original/reading/#slide-6,0,local HTTP,,
after,https://presentations.kujolang.ai/original/6/,https://presentations.kujolang.ai/original/print/,Print / PDF,nav,200,https://presentations.kujolang.ai/original/print/,0,local HTTP,,
after,https://presentations.kujolang.ai/original/7/,https://presentations.kujolang.ai/original/7/#main-content,Skip to content,body,200,https://presentations.kujolang.ai/original/7/#main-content,0,local HTTP,,
after,https://presentations.kujolang.ai/original/7/,https://presentations.kujolang.ai/original/6/,← Previous,nav,200,https://presentations.kujolang.ai/original/6/,0,local HTTP,,
after,https://presentations.kujolang.ai/original/7/,https://presentations.kujolang.ai/original/8/,Next →,nav,200,https://presentations.kujolang.ai/original/8/,0,local HTTP,,
after,https://presentations.kujolang.ai/original/7/,https://presentations.kujolang.ai/original/,Overview,nav,200,https://presentations.kujolang.ai/original/,0,local HTTP,,
after,https://presentations.kujolang.ai/original/7/,https://presentations.kujolang.ai/original/reading/#slide-7,Read text,nav,200,https://presentations.kujolang.ai/original/reading/#slide-7,0,local HTTP,,
after,https://presentations.kujolang.ai/original/7/,https://presentations.kujolang.ai/original/print/,Print / PDF,nav,200,https://presentations.kujolang.ai/original/print/,0,local HTTP,,
after,https://presentations.kujolang.ai/original/8/,https://presentations.kujolang.ai/original/8/#main-content,Skip to content,body,200,https://presentations.kujolang.ai/original/8/#main-content,0,local HTTP,,
after,https://presentations.kujolang.ai/original/8/,https://presentations.kujolang.ai/original/7/,← Previous,nav,200,https://presentations.kujolang.ai/original/7/,0,local HTTP,,
after,https://presentations.kujolang.ai/original/8/,https://presentations.kujolang.ai/original/9/,Next →,nav,200,https://presentations.kujolang.ai/original/9/,0,local HTTP,,
after,https://presentations.kujolang.ai/original/8/,https://presentations.kujolang.ai/original/,Overview,nav,200,https://presentations.kujolang.ai/original/,0,local HTTP,,
after,https://presentations.kujolang.ai/original/8/,https://presentations.kujolang.ai/original/reading/#slide-8,Read text,nav,200,https://presentations.kujolang.ai/original/reading/#slide-8,0,local HTTP,,
after,https://presentations.kujolang.ai/original/8/,https://presentations.kujolang.ai/original/print/,Print / PDF,nav,200,https://presentations.kujolang.ai/original/print/,0,local HTTP,,
after,https://presentations.kujolang.ai/original/9/,https://presentations.kujolang.ai/original/9/#main-content,Skip to content,body,200,https://presentations.kujolang.ai/original/9/#main-content,0,local HTTP,,
after,https://presentations.kujolang.ai/original/9/,https://presentations.kujolang.ai/original/8/,← Previous,nav,200,https://presentations.kujolang.ai/original/8/,0,local HTTP,,
after,https://presentations.kujolang.ai/original/9/,https://presentations.kujolang.ai/original/,Overview,nav,200,https://presentations.kujolang.ai/original/,0,local HTTP,,
after,https://presentations.kujolang.ai/original/9/,https://presentations.kujolang.ai/original/reading/#slide-9,Read text,nav,200,https://presentations.kujolang.ai/original/reading/#slide-9,0,local HTTP,,
after,https://presentations.kujolang.ai/original/9/,https://presentations.kujolang.ai/original/print/,Print / PDF,nav,200,https://presentations.kujolang.ai/original/print/,0,local HTTP,,
after,https://presentations.kujolang.ai/original/,https://presentations.kujolang.ai/original/#main-content,Skip to content,body,200,https://presentations.kujolang.ai/original/#main-content,0,local HTTP,,
after,https://presentations.kujolang.ai/original/,https://presentations.kujolang.ai/original/1/,Start presentation ↗,header,200,https://presentations.kujolang.ai/original/1/,0,local HTTP,,
after,https://presentations.kujolang.ai/original/,https://presentations.kujolang.ai/original/1/,"FORM / MEDIA A new perspective 1 / 9 Innovating media
for a digital age We connect bold ideas with curious audiences. Independent thinking. Meaningful stories. Made for the way the world moves. Original stories every month 150+ Creative collaborators 78 People in our community 80k Form Media / Strategy & vision / Demo edition 1 1 Innovating media
for a digital age",div,200,https://presentations.kujolang.ai/original/1/,0,local HTTP,,
after,https://presentations.kujolang.ai/original/,https://presentations.kujolang.ai/original/2/,"FORM / MEDIA The bigger picture 2 / 9 Presentation
content index From a shared challenge to a lasting impact. A closer look at the ideas, people and possibilities shaping our next chapter. 01 The challenge Understanding a changing media landscape. 02 Our approach A considered response. A clear direction. 03 The opportunity Meeting audiences where they are. 04 Our difference Independent ideas that move culture. 05 How we grow A sustainable model for meaningful work. 06 What comes next Content for every viewer, everywhere. Form Media / Strategy & vision / Demo edition 2 2 Presentation
content index",div,200,https://presentations.kujolang.ai/original/2/,0,local HTTP,,
after,https://presentations.kujolang.ai/original/,https://presentations.kujolang.ai/original/3/,"FORM / MEDIA 01 / The challenge 3 / 9 Problem
statement More content. Less connection. The media landscape has never been louder—or harder to navigate. 01 Attention is fragmented Audiences move between platforms, while stories struggle to travel with them. 02 Trust needs to be earned Consistency, context and a human point of view matter more than volume. 03 One size does not fit all Different communities deserve stories that reflect their lives. Form Media / Strategy & vision / Demo edition 3 3 Problem
statement",div,200,https://presentations.kujolang.ai/original/3/,0,local HTTP,,
after,https://presentations.kujolang.ai/original/,https://presentations.kujolang.ai/original/4/,"FORM / MEDIA 02 / Our approach 4 / 9 Build with intention. We bring editorial care and creative experimentation together to make work that stays with people. 01 Start with people Listen closely. Understand what a community needs before making something for it. 02 Make every format count Translate a strong idea across film, audio and digital experiences. 03 Learn and improve Use audience feedback to inform the next story, not to repeat the last one. Our solutions for
lasting impact Form Media / Strategy & vision / Demo edition 4 4 Our solutions for
lasting impact",div,200,https://presentations.kujolang.ai/original/4/,0,local HTTP,,
after,https://presentations.kujolang.ai/original/,https://presentations.kujolang.ai/original/5/,"FORM / MEDIA 03 / The opportunity 5 / 9 Market opportunity A connected generation is choosing media on its own terms. There is room for a more thoughtful kind of publisher. Video 74% Audio 48% Editorial 62% Community 88% Illustrative audience interest by format · Demo data, not research of our demo audience wants more relevant stories 98% Form Media / Strategy & vision / Demo edition 5 5 Market opportunity",div,200,https://presentations.kujolang.ai/original/5/,0,local HTTP,,
after,https://presentations.kujolang.ai/original/,https://presentations.kujolang.ai/original/6/,"FORM / MEDIA 04 / Our difference 6 / 9 Unique value
proposition Independent perspective. Connected thinking. A creative partner that sees the whole picture and cares about every detail. 01 Human by design Stories built around real people, meaningful questions and lived experience. 02 Culture in context We make room for nuance and bring fresh perspectives to familiar subjects. 03 Built to connect Each format opens a different door into the same compelling idea. 04 Lasting relevance Careful craft and a clear point of view give our work a longer life. Form Media / Strategy & vision / Demo edition 6 6 Unique value
proposition",div,200,https://presentations.kujolang.ai/original/6/,0,local HTTP,,
after,https://presentations.kujolang.ai/original/,https://presentations.kujolang.ai/original/7/,"FORM / MEDIA 05 / How we grow 7 / 9 Business
model A balanced model that supports independent creativity and shared, sustainable growth. 01 Membership A closer connection through exclusive stories, conversations and experiences. 02 Creative partnerships Collaborative campaigns for brands that share our curiosity and values. 03 Licensing & distribution Original formats and stories that travel to new audiences and platforms. Form Media / Strategy & vision / Demo edition 7 7 Business
model",div,200,https://presentations.kujolang.ai/original/7/,0,local HTTP,,
after,https://presentations.kujolang.ai/original/,https://presentations.kujolang.ai/original/8/,"FORM / MEDIA 06 / People first 8 / 9 curious minds, one growing community 80k+ 01 Personal relevance Explore subjects that connect with your interests. 02 Room for discovery Find a new voice beyond the familiar. Curating content
for every viewer The right story, in the right format, at the right moment. Discover something that feels made for you. Form Media / Strategy & vision / Demo edition 8 8 Curating content
for every viewer",div,200,https://presentations.kujolang.ai/original/8/,0,local HTTP,,
after,https://presentations.kujolang.ai/original/,https://presentations.kujolang.ai/original/9/,"FORM / MEDIA 07 / Many ways in 9 / 9 Diverse media
offerings Watch. Listen. Read. Participate. Different ways to experience the stories that bring us together. Original editorial formats 12 Creative voices 40+ 01 One perspective.
Many possibilities. A connected world of ideas, open to everyone. Form Media / Strategy & vision / Demo edition 9 9 Diverse media
offerings",div,200,https://presentations.kujolang.ai/original/9/,0,local HTTP,,
after,https://presentations.kujolang.ai/original/,https://presentations.kujolang.ai/original/reading/,Read the complete deck as text →,footer,200,https://presentations.kujolang.ai/original/reading/,0,local HTTP,,
after,https://presentations.kujolang.ai/original/presenter/,https://presentations.kujolang.ai/original/presenter/#main-content,Skip to content,body,200,https://presentations.kujolang.ai/original/presenter/#main-content,0,local HTTP,,
after,https://presentations.kujolang.ai/original/print/,https://presentations.kujolang.ai/original/print/#main-content,Skip to content,body,200,https://presentations.kujolang.ai/original/print/#main-content,0,local HTTP,,
after,https://presentations.kujolang.ai/original/reading/,https://presentations.kujolang.ai/original/reading/#main-content,Skip to content,body,200,https://presentations.kujolang.ai/original/reading/#main-content,0,local HTTP,,
after,https://presentations.kujolang.ai/original/reading/,https://presentations.kujolang.ai/original/,Overview,main,200,https://presentations.kujolang.ai/original/,0,local HTTP,,
after,https://presentations.kujolang.ai/original/reading/,https://presentations.kujolang.ai/original/1/,"1. Innovating media
for a digital age",h2,200,https://presentations.kujolang.ai/original/1/,0,local HTTP,,
after,https://presentations.kujolang.ai/original/reading/,https://presentations.kujolang.ai/original/2/,"2. Presentation
content index",h2,200,https://presentations.kujolang.ai/original/2/,0,local HTTP,,
after,https://presentations.kujolang.ai/original/reading/,https://presentations.kujolang.ai/original/3/,"3. Problem
statement",h2,200,https://presentations.kujolang.ai/original/3/,0,local HTTP,,
after,https://presentations.kujolang.ai/original/reading/,https://presentations.kujolang.ai/original/4/,"4. Our solutions for
lasting impact",h2,200,https://presentations.kujolang.ai/original/4/,0,local HTTP,,
after,https://presentations.kujolang.ai/original/reading/,https://presentations.kujolang.ai/original/5/,5. Market opportunity,h2,200,https://presentations.kujolang.ai/original/5/,0,local HTTP,,
after,https://presentations.kujolang.ai/original/reading/,https://presentations.kujolang.ai/original/6/,"6. Unique value
proposition",h2,200,https://presentations.kujolang.ai/original/6/,0,local HTTP,,
after,https://presentations.kujolang.ai/original/reading/,https://presentations.kujolang.ai/original/7/,"7. Business
model",h2,200,https://presentations.kujolang.ai/original/7/,0,local HTTP,,
after,https://presentations.kujolang.ai/original/reading/,https://presentations.kujolang.ai/original/8/,"8. Curating content
for every viewer",h2,200,https://presentations.kujolang.ai/original/8/,0,local HTTP,,
after,https://presentations.kujolang.ai/original/reading/,https://presentations.kujolang.ai/original/9/,"9. Diverse media
offerings",h2,200,https://presentations.kujolang.ai/original/9/,0,local HTTP,,
after,https://presentations.kujolang.ai/sales/1/,https://presentations.kujolang.ai/sales/1/#main-content,Skip to content,body,200,https://presentations.kujolang.ai/sales/1/#main-content,0,local HTTP,,
after,https://presentations.kujolang.ai/sales/1/,https://presentations.kujolang.ai/sales/2/,Next →,nav,200,https://presentations.kujolang.ai/sales/2/,0,local HTTP,,
after,https://presentations.kujolang.ai/sales/1/,https://presentations.kujolang.ai/sales/,Overview,nav,200,https://presentations.kujolang.ai/sales/,0,local HTTP,,
after,https://presentations.kujolang.ai/sales/1/,https://presentations.kujolang.ai/sales/reading/#slide-1,Read text,nav,200,https://presentations.kujolang.ai/sales/reading/#slide-1,0,local HTTP,,
after,https://presentations.kujolang.ai/sales/1/,https://presentations.kujolang.ai/sales/print/,Print / PDF,nav,200,https://presentations.kujolang.ai/sales/print/,0,local HTTP,,
after,https://presentations.kujolang.ai/sales/2/,https://presentations.kujolang.ai/sales/2/#main-content,Skip to content,body,200,https://presentations.kujolang.ai/sales/2/#main-content,0,local HTTP,,
after,https://presentations.kujolang.ai/sales/2/,https://presentations.kujolang.ai/sales/1/,← Previous,nav,200,https://presentations.kujolang.ai/sales/1/,0,local HTTP,,
after,https://presentations.kujolang.ai/sales/2/,https://presentations.kujolang.ai/sales/3/,Next →,nav,200,https://presentations.kujolang.ai/sales/3/,0,local HTTP,,
after,https://presentations.kujolang.ai/sales/2/,https://presentations.kujolang.ai/sales/,Overview,nav,200,https://presentations.kujolang.ai/sales/,0,local HTTP,,
after,https://presentations.kujolang.ai/sales/2/,https://presentations.kujolang.ai/sales/reading/#slide-2,Read text,nav,200,https://presentations.kujolang.ai/sales/reading/#slide-2,0,local HTTP,,
after,https://presentations.kujolang.ai/sales/2/,https://presentations.kujolang.ai/sales/print/,Print / PDF,nav,200,https://presentations.kujolang.ai/sales/print/,0,local HTTP,,
after,https://presentations.kujolang.ai/sales/3/,https://presentations.kujolang.ai/sales/3/#main-content,Skip to content,body,200,https://presentations.kujolang.ai/sales/3/#main-content,0,local HTTP,,
after,https://presentations.kujolang.ai/sales/3/,https://presentations.kujolang.ai/sales/2/,← Previous,nav,200,https://presentations.kujolang.ai/sales/2/,0,local HTTP,,
after,https://presentations.kujolang.ai/sales/3/,https://presentations.kujolang.ai/sales/4/,Next →,nav,200,https://presentations.kujolang.ai/sales/4/,0,local HTTP,,
after,https://presentations.kujolang.ai/sales/3/,https://presentations.kujolang.ai/sales/,Overview,nav,200,https://presentations.kujolang.ai/sales/,0,local HTTP,,
after,https://presentations.kujolang.ai/sales/3/,https://presentations.kujolang.ai/sales/reading/#slide-3,Read text,nav,200,https://presentations.kujolang.ai/sales/reading/#slide-3,0,local HTTP,,
after,https://presentations.kujolang.ai/sales/3/,https://presentations.kujolang.ai/sales/print/,Print / PDF,nav,200,https://presentations.kujolang.ai/sales/print/,0,local HTTP,,
after,https://presentations.kujolang.ai/sales/4/,https://presentations.kujolang.ai/sales/4/#main-content,Skip to content,body,200,https://presentations.kujolang.ai/sales/4/#main-content,0,local HTTP,,
after,https://presentations.kujolang.ai/sales/4/,https://presentations.kujolang.ai/sales/3/,← Previous,nav,200,https://presentations.kujolang.ai/sales/3/,0,local HTTP,,
after,https://presentations.kujolang.ai/sales/4/,https://presentations.kujolang.ai/sales/5/,Next →,nav,200,https://presentations.kujolang.ai/sales/5/,0,local HTTP,,
after,https://presentations.kujolang.ai/sales/4/,https://presentations.kujolang.ai/sales/,Overview,nav,200,https://presentations.kujolang.ai/sales/,0,local HTTP,,
after,https://presentations.kujolang.ai/sales/4/,https://presentations.kujolang.ai/sales/reading/#slide-4,Read text,nav,200,https://presentations.kujolang.ai/sales/reading/#slide-4,0,local HTTP,,
after,https://presentations.kujolang.ai/sales/4/,https://presentations.kujolang.ai/sales/print/,Print / PDF,nav,200,https://presentations.kujolang.ai/sales/print/,0,local HTTP,,
after,https://presentations.kujolang.ai/sales/404.html,https://presentations.kujolang.ai/sales/404.html#main-content,Skip to content,body,200,https://presentations.kujolang.ai/sales/404.html#main-content,0,local HTTP,,
after,https://presentations.kujolang.ai/sales/404.html,https://presentations.kujolang.ai/sales/,Overview,main,200,https://presentations.kujolang.ai/sales/,0,local HTTP,,
after,https://presentations.kujolang.ai/sales/5/,https://presentations.kujolang.ai/sales/5/#main-content,Skip to content,body,200,https://presentations.kujolang.ai/sales/5/#main-content,0,local HTTP,,
after,https://presentations.kujolang.ai/sales/5/,https://presentations.kujolang.ai/sales/4/,← Previous,nav,200,https://presentations.kujolang.ai/sales/4/,0,local HTTP,,
after,https://presentations.kujolang.ai/sales/5/,https://presentations.kujolang.ai/sales/6/,Next →,nav,200,https://presentations.kujolang.ai/sales/6/,0,local HTTP,,
after,https://presentations.kujolang.ai/sales/5/,https://presentations.kujolang.ai/sales/,Overview,nav,200,https://presentations.kujolang.ai/sales/,0,local HTTP,,
after,https://presentations.kujolang.ai/sales/5/,https://presentations.kujolang.ai/sales/reading/#slide-5,Read text,nav,200,https://presentations.kujolang.ai/sales/reading/#slide-5,0,local HTTP,,
after,https://presentations.kujolang.ai/sales/5/,https://presentations.kujolang.ai/sales/print/,Print / PDF,nav,200,https://presentations.kujolang.ai/sales/print/,0,local HTTP,,
after,https://presentations.kujolang.ai/sales/6/,https://presentations.kujolang.ai/sales/6/#main-content,Skip to content,body,200,https://presentations.kujolang.ai/sales/6/#main-content,0,local HTTP,,
after,https://presentations.kujolang.ai/sales/6/,https://presentations.kujolang.ai/sales/5/,← Previous,nav,200,https://presentations.kujolang.ai/sales/5/,0,local HTTP,,
after,https://presentations.kujolang.ai/sales/6/,https://presentations.kujolang.ai/sales/7/,Next →,nav,200,https://presentations.kujolang.ai/sales/7/,0,local HTTP,,
after,https://presentations.kujolang.ai/sales/6/,https://presentations.kujolang.ai/sales/,Overview,nav,200,https://presentations.kujolang.ai/sales/,0,local HTTP,,
after,https://presentations.kujolang.ai/sales/6/,https://presentations.kujolang.ai/sales/reading/#slide-6,Read text,nav,200,https://presentations.kujolang.ai/sales/reading/#slide-6,0,local HTTP,,
after,https://presentations.kujolang.ai/sales/6/,https://presentations.kujolang.ai/sales/print/,Print / PDF,nav,200,https://presentations.kujolang.ai/sales/print/,0,local HTTP,,
after,https://presentations.kujolang.ai/sales/7/,https://presentations.kujolang.ai/sales/7/#main-content,Skip to content,body,200,https://presentations.kujolang.ai/sales/7/#main-content,0,local HTTP,,
after,https://presentations.kujolang.ai/sales/7/,https://presentations.kujolang.ai/sales/6/,← Previous,nav,200,https://presentations.kujolang.ai/sales/6/,0,local HTTP,,
after,https://presentations.kujolang.ai/sales/7/,https://presentations.kujolang.ai/sales/8/,Next →,nav,200,https://presentations.kujolang.ai/sales/8/,0,local HTTP,,
after,https://presentations.kujolang.ai/sales/7/,https://presentations.kujolang.ai/sales/,Overview,nav,200,https://presentations.kujolang.ai/sales/,0,local HTTP,,
after,https://presentations.kujolang.ai/sales/7/,https://presentations.kujolang.ai/sales/reading/#slide-7,Read text,nav,200,https://presentations.kujolang.ai/sales/reading/#slide-7,0,local HTTP,,
after,https://presentations.kujolang.ai/sales/7/,https://presentations.kujolang.ai/sales/print/,Print / PDF,nav,200,https://presentations.kujolang.ai/sales/print/,0,local HTTP,,
after,https://presentations.kujolang.ai/sales/8/,https://presentations.kujolang.ai/sales/8/#main-content,Skip to content,body,200,https://presentations.kujolang.ai/sales/8/#main-content,0,local HTTP,,
after,https://presentations.kujolang.ai/sales/8/,https://presentations.kujolang.ai/sales/7/,← Previous,nav,200,https://presentations.kujolang.ai/sales/7/,0,local HTTP,,
after,https://presentations.kujolang.ai/sales/8/,https://presentations.kujolang.ai/sales/9/,Next →,nav,200,https://presentations.kujolang.ai/sales/9/,0,local HTTP,,
after,https://presentations.kujolang.ai/sales/8/,https://presentations.kujolang.ai/sales/,Overview,nav,200,https://presentations.kujolang.ai/sales/,0,local HTTP,,
after,https://presentations.kujolang.ai/sales/8/,https://presentations.kujolang.ai/sales/reading/#slide-8,Read text,nav,200,https://presentations.kujolang.ai/sales/reading/#slide-8,0,local HTTP,,
after,https://presentations.kujolang.ai/sales/8/,https://presentations.kujolang.ai/sales/print/,Print / PDF,nav,200,https://presentations.kujolang.ai/sales/print/,0,local HTTP,,
after,https://presentations.kujolang.ai/sales/9/,https://presentations.kujolang.ai/sales/9/#main-content,Skip to content,body,200,https://presentations.kujolang.ai/sales/9/#main-content,0,local HTTP,,
after,https://presentations.kujolang.ai/sales/9/,https://presentations.kujolang.ai/sales/8/,← Previous,nav,200,https://presentations.kujolang.ai/sales/8/,0,local HTTP,,
after,https://presentations.kujolang.ai/sales/9/,https://presentations.kujolang.ai/sales/,Overview,nav,200,https://presentations.kujolang.ai/sales/,0,local HTTP,,
after,https://presentations.kujolang.ai/sales/9/,https://presentations.kujolang.ai/sales/reading/#slide-9,Read text,nav,200,https://presentations.kujolang.ai/sales/reading/#slide-9,0,local HTTP,,
after,https://presentations.kujolang.ai/sales/9/,https://presentations.kujolang.ai/sales/print/,Print / PDF,nav,200,https://presentations.kujolang.ai/sales/print/,0,local HTTP,,
after,https://presentations.kujolang.ai/sales/,https://presentations.kujolang.ai/sales/#main-content,Skip to content,body,200,https://presentations.kujolang.ai/sales/#main-content,0,local HTTP,,
after,https://presentations.kujolang.ai/sales/,https://presentations.kujolang.ai/sales/1/,Start presentation ↗,header,200,https://presentations.kujolang.ai/sales/1/,0,local HTTP,,
after,https://presentations.kujolang.ai/sales/,https://presentations.kujolang.ai/sales/1/,"SPRINGLINE Consumer company overview 1 / 9 Springline
Overview A fictional global food and beverage portfolio built around everyday occasions. SPRINGLINE / Fictional consumer company demo Illustrative concept — not a real company or offer 1 1 Springline
Overview",div,200,https://presentations.kujolang.ai/sales/1/,0,local HTTP,,
after,https://presentations.kujolang.ai/sales/,https://presentations.kujolang.ai/sales/2/,SPRINGLINE Company profile 2 / 9 A broad consumer portfolio Springline brings together convenient foods and beverages for moments throughout the day. illustrative annual revenue $8.4B illustrative markets 24 consumer categories 06 SPRINGLINE / Fictional consumer company demo Illustrative company profile; not actual results 2 2 A broad consumer portfolio,div,200,https://presentations.kujolang.ai/sales/2/,0,local HTTP,,
after,https://presentations.kujolang.ai/sales/,https://presentations.kujolang.ai/sales/3/,"SPRINGLINE Portfolio 3 / 9 Brands built for everyday categories A colorful portfolio spans savory snacks, sparkling drinks, functional beverages and breakfast foods. convenient food platforms 04 beverage platforms 02 01 One portfolio Designed around taste, convenience and choice. SPRINGLINE / Fictional consumer company demo Illustrative portfolio architecture 3 3 Brands built for everyday categories",div,200,https://presentations.kujolang.ai/sales/3/,0,local HTTP,,
after,https://presentations.kujolang.ai/sales/,https://presentations.kujolang.ai/sales/4/,"SPRINGLINE Capabilities 4 / 9 Investment strengthened the operating system A multi-year program expands capacity, improves route planning and gives teams a sharper view of demand. 2022 42% 2023 55% 2024 69% 2025E 82% Illustrative capability investment index, 2022 through 2025 estimate illustrative index change since 2022 +40% SPRINGLINE / Fictional consumer company demo Illustrative index; not historical or forecast data 4 4 Investment strengthened the operating system",div,200,https://presentations.kujolang.ai/sales/4/,0,local HTTP,,
after,https://presentations.kujolang.ai/sales/,https://presentations.kujolang.ai/sales/5/,SPRINGLINE Growth context 5 / 9 Consumer habits keep moving The next generation of demand is shaped by four overlapping expectations. 01 Value Worthwhile choices at every price point. 02 Function Benefits that fit daily routines. 03 Flavor Novelty without losing familiar favorites. 04 Convenience The right format for the right moment. SPRINGLINE / Fictional consumer company demo Illustrative consumer framework 5 5 Consumer habits keep moving,div,200,https://presentations.kujolang.ai/sales/5/,0,local HTTP,,
after,https://presentations.kujolang.ai/sales/,https://presentations.kujolang.ai/sales/6/,"SPRINGLINE Strategic priorities 6 / 9 Four priorities guide the next chapter A focused agenda connects the portfolio, the operating model and responsible growth. 01 Earn repeat choice Keep core products relevant and distinctive. 02 Reach new occasions Expand formats, channels and dayparts. 03 Modernize the network Build a faster, more flexible supply system. 04 Build responsibly Improve how ingredients and packaging move. SPRINGLINE / Fictional consumer company demo Illustrative strategic priorities 6 6 Four priorities guide the next chapter",div,200,https://presentations.kujolang.ai/sales/6/,0,local HTTP,,
after,https://presentations.kujolang.ai/sales/,https://presentations.kujolang.ai/sales/7/,SPRINGLINE Occasion strategy 7 / 9 Springline designs its portfolio for the rhythm of real life—from the first cup to the shared evening table. 01 At home Breakfast and pantry staples. 02 On the move Portable food and drink formats. 03 Around the table Products made for sharing. More occasions across the day SPRINGLINE / Fictional consumer company demo Illustrative occasion architecture 7 7 More occasions across the day,div,200,https://presentations.kujolang.ai/sales/7/,0,local HTTP,,
after,https://presentations.kujolang.ai/sales/,https://presentations.kujolang.ai/sales/8/,"SPRINGLINE Responsible growth 8 / 9 illustrative recyclable or reusable packaging 71% 01 Soil health Support productive, resilient growing systems. 02 Lower-impact operations Use energy, water and materials more efficiently. Progress across the responsible growth agenda Better sourcing, smarter operations and improved packaging are designed to reinforce one another. SPRINGLINE / Fictional consumer company demo Illustrative sustainability scenario; not actual performance 8 8 Progress across the responsible growth agenda",div,200,https://presentations.kujolang.ai/sales/8/,0,local HTTP,,
after,https://presentations.kujolang.ai/sales/,https://presentations.kujolang.ai/sales/9/,SPRINGLINE Financial framework 9 / 9 Long-term growth algorithm Innovation expands demand. Productivity funds the next wave. illustrative organic growth range 4–6% illustrative margin expansion range 20–30 bps illustrative earnings growth range HSD% SPRINGLINE / Fictional consumer company demo Illustrative targets; not guidance 9 9 Long-term growth algorithm,div,200,https://presentations.kujolang.ai/sales/9/,0,local HTTP,,
after,https://presentations.kujolang.ai/sales/,https://presentations.kujolang.ai/sales/reading/,Read the complete deck as text →,footer,200,https://presentations.kujolang.ai/sales/reading/,0,local HTTP,,
after,https://presentations.kujolang.ai/sales/presenter/,https://presentations.kujolang.ai/sales/presenter/#main-content,Skip to content,body,200,https://presentations.kujolang.ai/sales/presenter/#main-content,0,local HTTP,,
after,https://presentations.kujolang.ai/sales/print/,https://presentations.kujolang.ai/sales/print/#main-content,Skip to content,body,200,https://presentations.kujolang.ai/sales/print/#main-content,0,local HTTP,,
after,https://presentations.kujolang.ai/sales/reading/,https://presentations.kujolang.ai/sales/reading/#main-content,Skip to content,body,200,https://presentations.kujolang.ai/sales/reading/#main-content,0,local HTTP,,
after,https://presentations.kujolang.ai/sales/reading/,https://presentations.kujolang.ai/sales/,Overview,main,200,https://presentations.kujolang.ai/sales/,0,local HTTP,,
after,https://presentations.kujolang.ai/sales/reading/,https://presentations.kujolang.ai/sales/1/,"1. Springline
Overview",h2,200,https://presentations.kujolang.ai/sales/1/,0,local HTTP,,
after,https://presentations.kujolang.ai/sales/reading/,https://presentations.kujolang.ai/sales/2/,2. A broad consumer portfolio,h2,200,https://presentations.kujolang.ai/sales/2/,0,local HTTP,,
after,https://presentations.kujolang.ai/sales/reading/,https://presentations.kujolang.ai/sales/3/,3. Brands built for everyday categories,h2,200,https://presentations.kujolang.ai/sales/3/,0,local HTTP,,
after,https://presentations.kujolang.ai/sales/reading/,https://presentations.kujolang.ai/sales/4/,4. Investment strengthened the operating system,h2,200,https://presentations.kujolang.ai/sales/4/,0,local HTTP,,
after,https://presentations.kujolang.ai/sales/reading/,https://presentations.kujolang.ai/sales/5/,5. Consumer habits keep moving,h2,200,https://presentations.kujolang.ai/sales/5/,0,local HTTP,,
after,https://presentations.kujolang.ai/sales/reading/,https://presentations.kujolang.ai/sales/6/,6. Four priorities guide the next chapter,h2,200,https://presentations.kujolang.ai/sales/6/,0,local HTTP,,
after,https://presentations.kujolang.ai/sales/reading/,https://presentations.kujolang.ai/sales/7/,7. More occasions across the day,h2,200,https://presentations.kujolang.ai/sales/7/,0,local HTTP,,
after,https://presentations.kujolang.ai/sales/reading/,https://presentations.kujolang.ai/sales/8/,8. Progress across the responsible growth agenda,h2,200,https://presentations.kujolang.ai/sales/8/,0,local HTTP,,
after,https://presentations.kujolang.ai/sales/reading/,https://presentations.kujolang.ai/sales/9/,9. Long-term growth algorithm,h2,200,https://presentations.kujolang.ai/sales/9/,0,local HTTP,,
